kind,lat,lon,gap_m,city,way_a,class_a,way_b,class_b,link
crossing without a junction node,13.0413074,80.2485925,0.0,Chennai,23813848,residential,1552020664,residential,https://www.openstreetmap.org/#map=19/13.041307/80.248592
touching without a junction node,11.4142161,76.692116,0.04,,24387427,service,24387427,service,https://www.openstreetmap.org/#map=19/11.414216/76.692116
crossing without a junction node,11.0147371,76.9835852,0.0,Coimbatore,28086233,primary,66292235,primary,https://www.openstreetmap.org/#map=19/11.014737/76.983585
crossing without a junction node,11.0148925,76.983976,0.0,Coimbatore,28086233,primary,66292235,primary,https://www.openstreetmap.org/#map=19/11.014892/76.983976
crossing without a junction node,12.9746499,80.2573354,0.0,Chennai,30281986,residential,1265672976,residential,https://www.openstreetmap.org/#map=19/12.974650/80.257335
crossing without a junction node,12.9751146,80.2575676,0.0,Chennai,30281989,residential,1265672976,residential,https://www.openstreetmap.org/#map=19/12.975115/80.257568
crossing without a junction node,12.9772184,80.2586192,0.0,Chennai,30312536,residential,1265672976,residential,https://www.openstreetmap.org/#map=19/12.977218/80.258619
touching without a junction node,11.6416277,77.9516818,0.02,,104170109,secondary,1390424526,primary,https://www.openstreetmap.org/#map=19/11.641628/77.951682
crossing without a junction node,12.9742506,80.2571358,0.0,Chennai,132064369,residential,1265672976,residential,https://www.openstreetmap.org/#map=19/12.974251/80.257136
touching without a junction node,12.973848,80.256935,0.04,Chennai,132070024,residential,1265672976,residential,https://www.openstreetmap.org/#map=19/12.973848/80.256935
touching without a junction node,13.4461194,80.1993344,0.01,,138348264,tertiary,1320000447,unclassified,https://www.openstreetmap.org/#map=19/13.446119/80.199334
touching without a junction node,13.0931248,80.190127,0.08,Chennai,152651510,residential,1287255242,residential,https://www.openstreetmap.org/#map=19/13.093125/80.190127
touching without a junction node,11.42376,79.591749,0.01,,154463999,secondary,674341801,unclassified,https://www.openstreetmap.org/#map=19/11.423760/79.591749
touching without a junction node,11.7288212,79.3490085,0.08,,158241239,service,158241239,service,https://www.openstreetmap.org/#map=19/11.728821/79.349008
touching without a junction node,10.2022529,77.8985381,0.02,,195914387,tertiary,195914387,tertiary,https://www.openstreetmap.org/#map=19/10.202253/77.898538
crossing without a junction node,10.9575228,76.8732883,0.0,Coimbatore,200973171,unclassified,1334915457,primary,https://www.openstreetmap.org/#map=19/10.957523/76.873288
touching without a junction node,10.665106,77.8322979,0.03,,206390356,residential,206390356,residential,https://www.openstreetmap.org/#map=19/10.665106/77.832298
touching without a junction node,11.1310601,77.3084575,0.03,,206805172,residential,1047844444,residential,https://www.openstreetmap.org/#map=19/11.131060/77.308457
crossing without a junction node,12.976548,80.2582841,0.0,Chennai,206819093,service,1265672976,residential,https://www.openstreetmap.org/#map=19/12.976548/80.258284
crossing without a junction node,12.9733471,80.2566843,0.0,Chennai,208361475,residential,1265672976,residential,https://www.openstreetmap.org/#map=19/12.973347/80.256684
touching without a junction node,12.936428,79.1561038,0.39,,208376804,residential,208376879,residential,https://www.openstreetmap.org/#map=19/12.936428/79.156104
crossing without a junction node,12.9786464,79.1415095,0.0,,208376838,residential,208376897,residential,https://www.openstreetmap.org/#map=19/12.978646/79.141509
touching without a junction node,11.54249,77.5071077,0.01,,213196574,tertiary,213198070,tertiary,https://www.openstreetmap.org/#map=19/11.542490/77.507108
touching without a junction node,12.8311948,77.8674624,0.04,,215202149,unclassified,215202149,unclassified,https://www.openstreetmap.org/#map=19/12.831195/77.867462
touching without a junction node,12.1732676,77.5415538,0.02,,215557288,unclassified,215557288,unclassified,https://www.openstreetmap.org/#map=19/12.173268/77.541554
crossing without a junction node,11.7476189,79.7581855,0.0,,232421470,secondary,572659855,trunk,https://www.openstreetmap.org/#map=19/11.747619/79.758186
touching without a junction node,11.200526,78.2280429,0.02,,376269022,residential,376269022,residential,https://www.openstreetmap.org/#map=19/11.200526/78.228043
crossing without a junction node,11.0356118,79.6303048,0.0,,377683746,residential,649072473,road,https://www.openstreetmap.org/#map=19/11.035612/79.630305
crossing without a junction node,11.0355668,79.6305254,0.0,,377683746,residential,649072473,road,https://www.openstreetmap.org/#map=19/11.035567/79.630525
touching without a junction node,11.0943336,79.852968,0.03,,378671827,residential,378671848,residential,https://www.openstreetmap.org/#map=19/11.094334/79.852968
crossing without a junction node,10.9331371,76.9273662,0.0,Coimbatore,393468030,unclassified,1334915457,primary,https://www.openstreetmap.org/#map=19/10.933137/76.927366
crossing without a junction node,10.9312527,76.9389975,0.0,Coimbatore,454503719,residential,1334915457,primary,https://www.openstreetmap.org/#map=19/10.931253/76.938997
touching without a junction node,9.6138137,77.8924053,0.0,,509253628,living_street,509253628,living_street,https://www.openstreetmap.org/#map=19/9.613814/77.892405
touching without a junction node,12.5102999,79.1293191,0.0,,540750796,residential,540750796,residential,https://www.openstreetmap.org/#map=19/12.510300/79.129319
touching without a junction node,8.1054565,77.4102165,0.16,,546897228,residential,800665352,residential,https://www.openstreetmap.org/#map=19/8.105457/77.410217
touching without a junction node,11.0086436,76.866755,0.16,Coimbatore,573659930,tertiary,573829797,unclassified,https://www.openstreetmap.org/#map=19/11.008644/76.866755
touching without a junction node,11.0087438,76.8667341,0.23,Coimbatore,573829797,unclassified,1190104071,residential,https://www.openstreetmap.org/#map=19/11.008744/76.866734
touching without a junction node,11.0093344,76.8665919,0.4,Coimbatore,573829797,unclassified,1338509727,residential,https://www.openstreetmap.org/#map=19/11.009334/76.866592
touching without a junction node,9.9184723,78.1240954,0.04,Madurai,613364420,residential,1396128584,residential,https://www.openstreetmap.org/#map=19/9.918472/78.124095
touching without a junction node,11.5105053,76.2870529,0.08,,622556131,service,846158512,unclassified,https://www.openstreetmap.org/#map=19/11.510505/76.287053
touching without a junction node,11.4480445,76.2746832,0.37,,622589577,service,962926055,tertiary,https://www.openstreetmap.org/#map=19/11.448044/76.274683
crossing without a junction node,10.9543655,79.7663086,0.0,,645402780,unclassified,645402781,road,https://www.openstreetmap.org/#map=19/10.954366/79.766309
crossing without a junction node,10.4256998,79.855537,0.0,,645449093,road,645449094,road,https://www.openstreetmap.org/#map=19/10.425700/79.855537
touching without a junction node,11.1045885,79.7278752,0.05,,648188830,road,648188830,road,https://www.openstreetmap.org/#map=19/11.104589/79.727875
touching without a junction node,11.0254897,79.5353983,0.17,,648419395,unclassified,827236886,secondary,https://www.openstreetmap.org/#map=19/11.025490/79.535398
touching without a junction node,10.2726841,79.1544503,0.18,,649713811,unclassified,649714893,residential,https://www.openstreetmap.org/#map=19/10.272684/79.154450
touching without a junction node,10.3521382,79.8028126,0.46,,650270429,unclassified,650270434,unclassified,https://www.openstreetmap.org/#map=19/10.352138/79.802813
crossing without a junction node,10.5950525,78.5513987,0.0,,653266525,road,653266526,road,https://www.openstreetmap.org/#map=19/10.595053/78.551399
crossing without a junction node,10.5946985,78.5497684,0.0,,653266539,road,653266540,road,https://www.openstreetmap.org/#map=19/10.594699/78.549768
crossing without a junction node,10.3379196,78.8947713,0.0,,653447587,unclassified,665298812,road,https://www.openstreetmap.org/#map=19/10.337920/78.894771
crossing without a junction node,10.3402741,78.8944807,0.0,,653447587,unclassified,665298811,road,https://www.openstreetmap.org/#map=19/10.340274/78.894481
crossing without a junction node,10.343498,78.9018013,0.0,,653448548,unclassified,665298818,road,https://www.openstreetmap.org/#map=19/10.343498/78.901801
crossing without a junction node,10.3430938,78.8979984,0.0,,653448548,unclassified,665298817,road,https://www.openstreetmap.org/#map=19/10.343094/78.897998
touching without a junction node,11.0775519,77.9216109,0.32,,656231900,road,656488265,road,https://www.openstreetmap.org/#map=19/11.077552/77.921611
crossing without a junction node,10.875702,79.7726674,0.0,,660796221,road,660796222,road,https://www.openstreetmap.org/#map=19/10.875702/79.772667
touching without a junction node,10.8757254,79.7730699,0.25,,660796221,road,660796223,road,https://www.openstreetmap.org/#map=19/10.875725/79.773070
crossing without a junction node,10.3381427,78.61778,0.0,,662716948,road,662716952,unclassified,https://www.openstreetmap.org/#map=19/10.338143/78.617780
touching without a junction node,10.4535739,78.6785084,0.47,,663931337,residential,663931337,residential,https://www.openstreetmap.org/#map=19/10.453574/78.678508
crossing without a junction node,10.3423087,78.8903985,0.0,,665298810,road,665298814,road,https://www.openstreetmap.org/#map=19/10.342309/78.890399
crossing without a junction node,10.3406759,78.898252,0.0,,665298811,road,665298817,road,https://www.openstreetmap.org/#map=19/10.340676/78.898252
crossing without a junction node,10.3410865,78.9021064,0.0,,665298811,road,665298818,road,https://www.openstreetmap.org/#map=19/10.341087/78.902106
crossing without a junction node,10.337055,78.8871749,0.0,,665298812,road,665298815,road,https://www.openstreetmap.org/#map=19/10.337055/78.887175
crossing without a junction node,10.3374861,78.8909628,0.0,,665298812,road,665298816,road,https://www.openstreetmap.org/#map=19/10.337486/78.890963
crossing without a junction node,10.3383436,78.8984968,0.0,,665298812,road,665298817,road,https://www.openstreetmap.org/#map=19/10.338344/78.898497
crossing without a junction node,10.3387876,78.9023975,0.0,,665298812,road,665298818,road,https://www.openstreetmap.org/#map=19/10.338788/78.902397
crossing without a junction node,10.34751,78.9012939,0.0,,665298818,road,665298819,road,https://www.openstreetmap.org/#map=19/10.347510/78.901294
crossing without a junction node,10.3458538,78.9015035,0.0,,665298818,road,665298820,road,https://www.openstreetmap.org/#map=19/10.345854/78.901503
crossing without a junction node,10.3463964,78.8898817,0.0,,665298821,road,665298823,road,https://www.openstreetmap.org/#map=19/10.346396/78.889882
crossing without a junction node,10.3465249,78.8920309,0.0,,665298821,road,665299561,road,https://www.openstreetmap.org/#map=19/10.346525/78.892031
crossing without a junction node,10.3467638,78.8960288,0.0,,665298821,road,665299565,road,https://www.openstreetmap.org/#map=19/10.346764/78.896029
crossing without a junction node,10.346071,78.8836085,0.0,,665298822,road,665298823,road,https://www.openstreetmap.org/#map=19/10.346071/78.883608
touching without a junction node,10.5732986,78.9353051,0.02,,670236449,tertiary,670236449,tertiary,https://www.openstreetmap.org/#map=19/10.573299/78.935305
touching without a junction node,12.7524007,77.832063,0.04,,675513319,residential,675513319,residential,https://www.openstreetmap.org/#map=19/12.752401/77.832063
crossing without a junction node,13.1201027,80.2076457,0.0,Chennai,719709410,residential,837016635,residential,https://www.openstreetmap.org/#map=19/13.120103/80.207646
touching without a junction node,12.7234314,77.8353535,0.02,,770614307,residential,770614307,residential,https://www.openstreetmap.org/#map=19/12.723431/77.835353
crossing without a junction node,12.6314175,77.8497388,0.0,,782378212,unclassified,1557250694,primary,https://www.openstreetmap.org/#map=19/12.631418/77.849739
touching without a junction node,12.629392,77.7517626,0.05,,782591281,residential,782591281,residential,https://www.openstreetmap.org/#map=19/12.629392/77.751763
touching without a junction node,12.6446451,77.8623109,0.03,,783874994,residential,783874994,residential,https://www.openstreetmap.org/#map=19/12.644645/77.862311
touching without a junction node,9.9173827,78.1235496,0.4,Madurai,785162614,living_street,1396130104,residential,https://www.openstreetmap.org/#map=19/9.917383/78.123550
touching without a junction node,9.9166148,78.1235483,0.47,Madurai,785162614,living_street,1396129933,residential,https://www.openstreetmap.org/#map=19/9.916615/78.123548
crossing without a junction node,12.803986,77.7833411,0.0,,793719459,residential,1282388257,primary,https://www.openstreetmap.org/#map=19/12.803986/77.783341
crossing without a junction node,12.8376216,77.7850636,0.0,,794254930,residential,1278963328,primary,https://www.openstreetmap.org/#map=19/12.837622/77.785064
touching without a junction node,10.4084842,78.002318,0.01,,798200053,residential,798200053,residential,https://www.openstreetmap.org/#map=19/10.408484/78.002318
touching without a junction node,10.341671,77.9997164,0.41,,798212368,residential,798212369,residential,https://www.openstreetmap.org/#map=19/10.341671/77.999716
touching without a junction node,10.3843176,78.0061457,0.04,,799753277,residential,799753278,residential,https://www.openstreetmap.org/#map=19/10.384318/78.006146
touching without a junction node,10.7343144,78.7581221,0.03,Tiruchirappalli,816817164,residential,816817164,residential,https://www.openstreetmap.org/#map=19/10.734314/78.758122
touching without a junction node,10.7341511,78.7507666,0.02,Tiruchirappalli,816817175,residential,816817175,residential,https://www.openstreetmap.org/#map=19/10.734151/78.750767
touching without a junction node,11.9897258,79.6442592,0.04,,818261993,unclassified,818261993,unclassified,https://www.openstreetmap.org/#map=19/11.989726/79.644259
touching without a junction node,11.7153231,79.7728874,0.21,,819127634,residential,1151384779,living_street,https://www.openstreetmap.org/#map=19/11.715323/79.772887
touching without a junction node,11.9473906,79.678537,0.04,,820834752,unclassified,820834752,unclassified,https://www.openstreetmap.org/#map=19/11.947391/79.678537
touching without a junction node,11.455699,77.9256298,0.05,,823024381,unclassified,823024381,unclassified,https://www.openstreetmap.org/#map=19/11.455699/77.925630
touching without a junction node,11.4677686,77.9978166,0.02,,824421071,residential,824421071,residential,https://www.openstreetmap.org/#map=19/11.467769/77.997817
touching without a junction node,11.5077378,78.0343973,0.04,,825812696,residential,825812696,residential,https://www.openstreetmap.org/#map=19/11.507738/78.034397
touching without a junction node,12.7478219,80.1325423,0.03,,827307489,service,827307489,service,https://www.openstreetmap.org/#map=19/12.747822/80.132542
touching without a junction node,12.3696763,79.1623358,0.01,,827351083,service,827556629,residential,https://www.openstreetmap.org/#map=19/12.369676/79.162336
touching without a junction node,12.330217,79.1781549,0.03,,828136457,residential,828136457,residential,https://www.openstreetmap.org/#map=19/12.330217/79.178155
touching without a junction node,12.3300493,79.1774707,0.02,,828136458,tertiary,828136458,tertiary,https://www.openstreetmap.org/#map=19/12.330049/79.177471
touching without a junction node,12.34335,79.1565729,0.04,,828141278,tertiary,828525132,tertiary,https://www.openstreetmap.org/#map=19/12.343350/79.156573
crossing without a junction node,12.1706247,79.0919005,0.0,,828713138,residential,1530651182,primary,https://www.openstreetmap.org/#map=19/12.170625/79.091901
crossing without a junction node,12.1716351,79.0917095,0.0,,828713139,residential,1530651182,primary,https://www.openstreetmap.org/#map=19/12.171635/79.091710
crossing without a junction node,12.1714856,79.0917379,0.0,,828713140,residential,1530651182,primary,https://www.openstreetmap.org/#map=19/12.171486/79.091738
crossing without a junction node,12.1717591,79.091686,0.0,,828713141,residential,1530651182,primary,https://www.openstreetmap.org/#map=19/12.171759/79.091686
crossing without a junction node,12.1611747,79.0933637,0.0,,828713151,service,1530651182,primary,https://www.openstreetmap.org/#map=19/12.161175/79.093364
crossing without a junction node,12.1589647,79.093954,0.0,,828790430,tertiary,1530651182,primary,https://www.openstreetmap.org/#map=19/12.158965/79.093954
crossing without a junction node,12.1241752,79.1054009,0.0,,829092462,service,1530651182,primary,https://www.openstreetmap.org/#map=19/12.124175/79.105401
crossing without a junction node,12.1374593,79.1004208,0.0,,829092463,tertiary,1530651182,primary,https://www.openstreetmap.org/#map=19/12.137459/79.100421
crossing without a junction node,12.1462028,79.0974095,0.0,,829098817,tertiary,1530651182,primary,https://www.openstreetmap.org/#map=19/12.146203/79.097409
crossing without a junction node,12.1355312,79.1016724,0.0,,829264717,residential,1530651182,primary,https://www.openstreetmap.org/#map=19/12.135531/79.101672
crossing without a junction node,12.1581534,79.0942445,0.0,,829553613,residential,1530651182,primary,https://www.openstreetmap.org/#map=19/12.158153/79.094245
crossing without a junction node,12.155185,79.0953005,0.0,,829553616,residential,1530651182,primary,https://www.openstreetmap.org/#map=19/12.155185/79.095301
crossing without a junction node,12.1538526,79.0957735,0.0,,829553618,residential,1530651182,primary,https://www.openstreetmap.org/#map=19/12.153853/79.095774
crossing without a junction node,12.1541518,79.0956664,0.0,,829553620,residential,1530651182,primary,https://www.openstreetmap.org/#map=19/12.154152/79.095666
crossing without a junction node,12.1438464,79.0976317,0.0,,830403582,residential,1530651182,primary,https://www.openstreetmap.org/#map=19/12.143846/79.097632
crossing without a junction node,12.1428967,79.0977174,0.0,,830403587,residential,1530651182,primary,https://www.openstreetmap.org/#map=19/12.142897/79.097717
crossing without a junction node,12.1412209,79.0983221,0.0,,830403590,service,1530651182,primary,https://www.openstreetmap.org/#map=19/12.141221/79.098322
touching without a junction node,13.2053282,80.2423767,0.01,Chennai,835643073,residential,835643073,residential,https://www.openstreetmap.org/#map=19/13.205328/80.242377
crossing without a junction node,10.9463032,76.8818543,0.0,Coimbatore,854461124,unclassified,1334915457,primary,https://www.openstreetmap.org/#map=19/10.946303/76.881854
crossing without a junction node,10.9298215,76.9444083,0.0,Coimbatore,1000755101,unclassified,1550165652,primary,https://www.openstreetmap.org/#map=19/10.929821/76.944408
touching without a junction node,11.0589837,77.3836401,0.07,,1004204097,unclassified,1069604090,residential,https://www.openstreetmap.org/#map=19/11.058984/77.383640
crossing without a junction node,10.9304319,76.9417532,0.0,Coimbatore,1052966341,residential,1550165652,primary,https://www.openstreetmap.org/#map=19/10.930432/76.941753
crossing without a junction node,10.9351883,76.9162879,0.0,Coimbatore,1052966361,residential,1334915457,primary,https://www.openstreetmap.org/#map=19/10.935188/76.916288
crossing without a junction node,10.9350285,76.9171798,0.0,Coimbatore,1052966362,residential,1334915457,primary,https://www.openstreetmap.org/#map=19/10.935029/76.917180
crossing without a junction node,10.9349211,76.917766,0.0,Coimbatore,1052966362,residential,1334915457,primary,https://www.openstreetmap.org/#map=19/10.934921/76.917766
crossing without a junction node,10.9354997,76.9144992,0.0,Coimbatore,1052966363,residential,1334915457,primary,https://www.openstreetmap.org/#map=19/10.935500/76.914499
crossing without a junction node,12.9781299,80.2590748,0.0,Chennai,1149854618,primary,1265672976,residential,https://www.openstreetmap.org/#map=19/12.978130/80.259075
crossing without a junction node,10.9498719,76.8793913,0.0,Coimbatore,1190120571,residential,1334915457,primary,https://www.openstreetmap.org/#map=19/10.949872/76.879391
crossing without a junction node,10.9407167,76.8862839,0.0,Coimbatore,1199401489,unclassified,1334915457,primary,https://www.openstreetmap.org/#map=19/10.940717/76.886284
crossing without a junction node,10.9405195,76.8899181,0.0,Coimbatore,1199401491,unclassified,1334915457,primary,https://www.openstreetmap.org/#map=19/10.940520/76.889918
crossing without a junction node,10.9396991,76.893931,0.0,Coimbatore,1199401496,unclassified,1334915457,primary,https://www.openstreetmap.org/#map=19/10.939699/76.893931
crossing without a junction node,10.9399356,76.8929195,0.0,Coimbatore,1199401497,unclassified,1334915457,primary,https://www.openstreetmap.org/#map=19/10.939936/76.892920
touching without a junction node,11.587696,78.0187605,0.27,,1216691666,residential,1216691668,residential,https://www.openstreetmap.org/#map=19/11.587696/78.018760
touching without a junction node,8.7816982,78.1226031,0.44,,1222785709,residential,1222802022,residential,https://www.openstreetmap.org/#map=19/8.781698/78.122603
crossing without a junction node,8.6790631,77.731089,0.0,,1223128595,residential,1232517995,residential,https://www.openstreetmap.org/#map=19/8.679063/77.731089
crossing without a junction node,12.8033481,77.7832433,0.0,,1228772106,service,1282388257,primary,https://www.openstreetmap.org/#map=19/12.803348/77.783243
crossing without a junction node,10.9490398,76.8802085,0.0,Coimbatore,1238839007,residential,1334915457,primary,https://www.openstreetmap.org/#map=19/10.949040/76.880208
crossing without a junction node,12.9779031,80.2589614,0.0,Chennai,1265672976,residential,1455727659,residential,https://www.openstreetmap.org/#map=19/12.977903/80.258961
touching without a junction node,13.2723633,80.277505,0.04,,1288100621,residential,1288100621,residential,https://www.openstreetmap.org/#map=19/13.272363/80.277505
touching without a junction node,11.2861911,78.9902058,0.01,,1330558588,unclassified,1330586084,unclassified,https://www.openstreetmap.org/#map=19/11.286191/78.990206
touching without a junction node,11.3225233,77.103836,0.05,,1330598001,residential,1330598001,residential,https://www.openstreetmap.org/#map=19/11.322523/77.103836
crossing without a junction node,11.2442758,76.953418,0.0,,1333160835,residential,1544572353,unclassified,https://www.openstreetmap.org/#map=19/11.244276/76.953418
crossing without a junction node,11.2442659,76.953246,0.0,,1333160835,residential,1544572353,unclassified,https://www.openstreetmap.org/#map=19/11.244266/76.953246
crossing without a junction node,11.2456543,76.9541317,0.0,,1333160839,residential,1544572353,unclassified,https://www.openstreetmap.org/#map=19/11.245654/76.954132
crossing without a junction node,10.962898,76.8700738,0.0,Coimbatore,1334915457,primary,1338804290,residential,https://www.openstreetmap.org/#map=19/10.962898/76.870074
crossing without a junction node,10.9486454,76.8805872,0.0,Coimbatore,1334915457,primary,1338813278,unclassified,https://www.openstreetmap.org/#map=19/10.948645/76.880587
crossing without a junction node,10.9425473,76.8833905,0.0,Coimbatore,1334915457,primary,1338808932,residential,https://www.openstreetmap.org/#map=19/10.942547/76.883390
crossing without a junction node,10.9406399,76.887699,0.0,Coimbatore,1334915457,primary,1338808940,residential,https://www.openstreetmap.org/#map=19/10.940640/76.887699
crossing without a junction node,10.9401113,76.892168,0.0,Coimbatore,1334915457,primary,1338808947,unclassified,https://www.openstreetmap.org/#map=19/10.940111/76.892168
crossing without a junction node,12.9761603,79.1661649,0.0,,1369625078,unclassified,1387183469,unclassified,https://www.openstreetmap.org/#map=19/12.976160/79.166165
touching without a junction node,11.5539355,77.8968989,0.02,,1375629278,unclassified,1390404956,primary,https://www.openstreetmap.org/#map=19/11.553935/77.896899
crossing without a junction node,12.9453886,78.8905232,0.0,,1386549701,residential,1386549702,residential,https://www.openstreetmap.org/#map=19/12.945389/78.890523
touching without a junction node,10.4836192,79.2931694,0.15,,1411480955,unclassified,1411480955,unclassified,https://www.openstreetmap.org/#map=19/10.483619/79.293169
crossing without a junction node,10.9723769,76.9895693,0.0,Coimbatore,1533159949,residential,1533159951,residential,https://www.openstreetmap.org/#map=19/10.972377/76.989569
crossing without a junction node,12.5335654,78.0130351,0.0,,1536128292,trunk,1557248910,trunk,https://www.openstreetmap.org/#map=19/12.533565/78.013035
crossing without a junction node,8.6783141,77.7287969,0.0,,1539137361,residential,1551428834,residential,https://www.openstreetmap.org/#map=19/8.678314/77.728797
crossing without a junction node,11.6758436,78.2498136,0.0,,1547715502,residential,1547715503,residential,https://www.openstreetmap.org/#map=19/11.675844/78.249814
dead end short of a road,13.0408619,80.2698666,4.29,Chennai,24270343,residential,211645261,residential,https://www.openstreetmap.org/#map=19/13.040862/80.269867
dead end short of a road,13.061703,80.2381903,4.04,Chennai,995146894,residential,24375444,residential,https://www.openstreetmap.org/#map=19/13.061703/80.238190
dead end short of a road,13.0385555,80.2259766,3.24,Chennai,27189956,residential,25459322,residential,https://www.openstreetmap.org/#map=19/13.038555/80.225977
dead end short of a road,11.6294026,78.1237756,4.66,Salem,1414460910,tertiary,1414460909,primary,https://www.openstreetmap.org/#map=19/11.629403/78.123776
dead end short of a road,10.6432732,77.007365,2.14,,28085535,service,206803667,residential,https://www.openstreetmap.org/#map=19/10.643273/77.007365
dead end short of a road,12.9889031,80.2598377,4.79,Chennai,29046874,residential,1305250808,residential,https://www.openstreetmap.org/#map=19/12.988903/80.259838
dead end short of a road,13.0890777,80.198674,3.96,Chennai,26969976,residential,549383716,primary,https://www.openstreetmap.org/#map=19/13.089078/80.198674
dead end short of a road,13.0962161,80.2671012,3.56,Chennai,48042329,living_street,1115495181,residential,https://www.openstreetmap.org/#map=19/13.096216/80.267101
dead end short of a road,13.0995236,80.2589662,4.72,Chennai,48132816,residential,1104624157,residential,https://www.openstreetmap.org/#map=19/13.099524/80.258966
dead end short of a road,9.8673984,78.0205259,3.39,,56859803,unclassified,1082385244,unclassified,https://www.openstreetmap.org/#map=19/9.867398/78.020526
dead end short of a road,9.8678213,78.0206117,3.72,,56859817,unclassified,1082385245,unclassified,https://www.openstreetmap.org/#map=19/9.867821/78.020612
dead end short of a road,11.6112044,78.7554743,4.62,,96083243,tertiary,96083229,secondary,https://www.openstreetmap.org/#map=19/11.611204/78.755474
dead end short of a road,12.8910286,77.8937293,3.32,,123491194,tertiary,796377563,unclassified,https://www.openstreetmap.org/#map=19/12.891029/77.893729
dead end short of a road,12.8909999,77.8937121,3.32,,796377563,unclassified,123491194,tertiary,https://www.openstreetmap.org/#map=19/12.891000/77.893712
dead end short of a road,12.9673538,80.2558462,4.4,Chennai,132063271,residential,1270300521,residential,https://www.openstreetmap.org/#map=19/12.967354/80.255846
dead end short of a road,11.412468,76.7031832,5.0,,205344762,service,205344771,service,https://www.openstreetmap.org/#map=19/11.412468/76.703183
dead end short of a road,13.0930438,79.7705946,2.27,,1073563168,tertiary,1073563170,tertiary,https://www.openstreetmap.org/#map=19/13.093044/79.770595
dead end short of a road,10.5797403,77.2535335,4.13,,206619143,residential,1000580275,residential,https://www.openstreetmap.org/#map=19/10.579740/77.253534
dead end short of a road,10.9652805,76.9559866,3.85,Coimbatore,581434068,residential,581434073,unclassified,https://www.openstreetmap.org/#map=19/10.965281/76.955987
dead end short of a road,9.7083929,77.9561171,3.18,,207331146,residential,207331163,residential,https://www.openstreetmap.org/#map=19/9.708393/77.956117
dead end short of a road,12.5133144,79.890095,3.71,,207888432,residential,207888370,unclassified,https://www.openstreetmap.org/#map=19/12.513314/79.890095
dead end short of a road,12.782492,78.7101701,3.86,,208825481,residential,208825437,residential,https://www.openstreetmap.org/#map=19/12.782492/78.710170
dead end short of a road,12.7825259,78.7101881,3.86,,208825437,residential,208825481,residential,https://www.openstreetmap.org/#map=19/12.782526/78.710188
dead end short of a road,12.9862616,78.8709654,4.26,,208929543,unclassified,208929544,unclassified,https://www.openstreetmap.org/#map=19/12.986262/78.870965
dead end short of a road,12.9030338,78.92236,2.87,,208954263,residential,208954362,unclassified,https://www.openstreetmap.org/#map=19/12.903034/78.922360
dead end short of a road,12.7895357,78.144436,1.94,,712988112,tertiary,782999802,tertiary,https://www.openstreetmap.org/#map=19/12.789536/78.144436
dead end short of a road,12.880549,77.8870206,4.71,,777917680,residential,777931722,residential,https://www.openstreetmap.org/#map=19/12.880549/77.887021
dead end short of a road,12.8805894,77.8870462,4.68,,777931722,residential,777917680,residential,https://www.openstreetmap.org/#map=19/12.880589/77.887046
dead end short of a road,12.1010303,77.8599694,2.95,,215059360,residential,1360040433,residential,https://www.openstreetmap.org/#map=19/12.101030/77.859969
dead end short of a road,12.8349884,77.9285405,4.66,,215532525,unclassified,788897092,unclassified,https://www.openstreetmap.org/#map=19/12.834988/77.928540
dead end short of a road,13.0129093,79.4750835,4.48,,1365859116,unclassified,1365859122,unclassified,https://www.openstreetmap.org/#map=19/13.012909/79.475083
dead end short of a road,12.8054947,77.794537,4.42,,795230147,service,326284760,residential,https://www.openstreetmap.org/#map=19/12.805495/77.794537
dead end short of a road,12.7944067,78.1224843,2.93,,783852702,residential,783852701,residential,https://www.openstreetmap.org/#map=19/12.794407/78.122484
dead end short of a road,12.7944283,78.1225286,4.04,,783852701,residential,783852702,residential,https://www.openstreetmap.org/#map=19/12.794428/78.122529
dead end short of a road,11.6734245,78.1610622,3.36,Salem,356405183,residential,1066309101,residential,https://www.openstreetmap.org/#map=19/11.673424/78.161062
dead end short of a road,11.9103602,79.8194927,2.68,,821540453,unclassified,821737788,residential,https://www.openstreetmap.org/#map=19/11.910360/79.819493
dead end short of a road,11.9050519,79.7981548,4.14,,592004952,residential,358874705,residential,https://www.openstreetmap.org/#map=19/11.905052/79.798155
dead end short of a road,11.9050533,79.7981931,4.14,,358874705,residential,592004952,residential,https://www.openstreetmap.org/#map=19/11.905053/79.798193
dead end short of a road,11.099881,79.6526402,2.02,,373865782,service,156177480,secondary,https://www.openstreetmap.org/#map=19/11.099881/79.652640
dead end short of a road,12.0004831,79.8049598,2.45,,1490223983,residential,1490223984,tertiary,https://www.openstreetmap.org/#map=19/12.000483/79.804960
dead end short of a road,12.9208888,80.0756287,3.34,Chennai,384338534,residential,384337754,residential,https://www.openstreetmap.org/#map=19/12.920889/80.075629
dead end short of a road,12.9206329,80.16073,4.77,Chennai,384626835,residential,384626836,residential,https://www.openstreetmap.org/#map=19/12.920633/80.160730
dead end short of a road,12.9206781,80.1607256,4.92,Chennai,384626836,residential,384626835,residential,https://www.openstreetmap.org/#map=19/12.920678/80.160726
dead end short of a road,12.8850073,80.0113935,4.75,,385003779,residential,1303003551,residential,https://www.openstreetmap.org/#map=19/12.885007/80.011393
dead end short of a road,13.134275,80.1466365,4.91,Chennai,385391772,residential,1057588494,residential,https://www.openstreetmap.org/#map=19/13.134275/80.146636
dead end short of a road,13.1688477,80.1518075,4.63,Chennai,385681748,residential,1288096511,residential,https://www.openstreetmap.org/#map=19/13.168848/80.151808
dead end short of a road,12.9071001,80.1056299,3.42,Chennai,23648649,service,1248127034,residential,https://www.openstreetmap.org/#map=19/12.907100/80.105630
dead end short of a road,8.6978269,78.1295941,1.83,,398674667,service,398674668,service,https://www.openstreetmap.org/#map=19/8.697827/78.129594
dead end short of a road,11.6840819,78.0454251,3.13,,446185090,unclassified,554243536,tertiary,https://www.openstreetmap.org/#map=19/11.684082/78.045425
dead end short of a road,10.9545674,76.9721278,3.41,Coimbatore,497323832,residential,1393836291,living_street,https://www.openstreetmap.org/#map=19/10.954567/76.972128
dead end short of a road,11.7305588,79.2854694,2.92,,540718963,residential,540718775,residential,https://www.openstreetmap.org/#map=19/11.730559/79.285469
dead end short of a road,11.5664115,79.1219524,4.48,,541051967,residential,541052037,residential,https://www.openstreetmap.org/#map=19/11.566411/79.121952
dead end short of a road,11.5652238,79.1801436,2.97,,541067825,residential,541083296,residential,https://www.openstreetmap.org/#map=19/11.565224/79.180144
dead end short of a road,10.8965443,79.2043018,3.54,,541091100,living_street,541020409,secondary,https://www.openstreetmap.org/#map=19/10.896544/79.204302
dead end short of a road,11.6018431,79.1458065,3.19,,541295691,residential,541295752,tertiary,https://www.openstreetmap.org/#map=19/11.601843/79.145807
dead end short of a road,11.5829504,79.2534007,4.67,,541313386,residential,541313450,residential,https://www.openstreetmap.org/#map=19/11.582950/79.253401
dead end short of a road,13.1370178,80.0525933,4.0,Chennai,385418931,residential,1075672696,primary,https://www.openstreetmap.org/#map=19/13.137018/80.052593
dead end short of a road,10.0149818,77.3523851,2.63,,554452856,residential,887452210,trunk,https://www.openstreetmap.org/#map=19/10.014982/77.352385
dead end short of a road,10.2288834,79.1716701,3.54,,1363208903,unclassified,648716338,unclassified,https://www.openstreetmap.org/#map=19/10.228883/79.171670
dead end short of a road,11.4018487,79.40532,2.12,,572051165,unclassified,572998972,unclassified,https://www.openstreetmap.org/#map=19/11.401849/79.405320
dead end short of a road,11.1025708,77.3918938,3.41,,1321764907,residential,574263712,residential,https://www.openstreetmap.org/#map=19/11.102571/77.391894
dead end short of a road,13.2004296,80.1780745,4.96,Chennai,1274369719,tertiary,1286735945,trunk,https://www.openstreetmap.org/#map=19/13.200430/80.178074
dead end short of a road,10.5211679,79.2183405,2.87,,587184161,tertiary,587184162,tertiary,https://www.openstreetmap.org/#map=19/10.521168/79.218340
dead end short of a road,10.3641645,78.5753024,3.52,,663910156,unclassified,663910157,unclassified,https://www.openstreetmap.org/#map=19/10.364164/78.575302
dead end short of a road,10.9064158,76.9686375,3.11,Coimbatore,592527363,residential,207305829,residential,https://www.openstreetmap.org/#map=19/10.906416/76.968637
dead end short of a road,10.5624617,76.9174053,2.79,,601977218,residential,429078644,residential,https://www.openstreetmap.org/#map=19/10.562462/76.917405
dead end short of a road,10.7663943,78.7000169,2.15,Tiruchirappalli,606389282,residential,1238329413,residential,https://www.openstreetmap.org/#map=19/10.766394/78.700017
dead end short of a road,11.5272855,76.2505659,3.87,,1419362232,residential,621362023,residential,https://www.openstreetmap.org/#map=19/11.527285/76.250566
dead end short of a road,11.4380359,78.7625215,4.38,,626836742,residential,626836741,residential,https://www.openstreetmap.org/#map=19/11.438036/78.762522
dead end short of a road,10.4134336,79.3085164,4.25,,631325814,residential,631325813,residential,https://www.openstreetmap.org/#map=19/10.413434/79.308516
dead end short of a road,11.2691052,79.5580381,3.19,,640464579,residential,640464578,residential,https://www.openstreetmap.org/#map=19/11.269105/79.558038
dead end short of a road,9.3883325,77.4870849,2.65,,644343609,residential,644343597,tertiary,https://www.openstreetmap.org/#map=19/9.388333/77.487085
dead end short of a road,11.5135325,79.3211913,2.37,,645441725,residential,164052044,primary,https://www.openstreetmap.org/#map=19/11.513533/79.321191
dead end short of a road,10.5636825,79.8485792,4.17,,645592027,unclassified,185548498,tertiary,https://www.openstreetmap.org/#map=19/10.563683/79.848579
dead end short of a road,11.0396198,79.7472145,4.11,,645594487,unclassified,645594485,unclassified,https://www.openstreetmap.org/#map=19/11.039620/79.747214
dead end short of a road,11.552604,79.3252856,2.43,,645939964,unclassified,645939965,unclassified,https://www.openstreetmap.org/#map=19/11.552604/79.325286
dead end short of a road,11.2090287,79.5254096,3.17,,646017261,residential,1388954749,residential,https://www.openstreetmap.org/#map=19/11.209029/79.525410
dead end short of a road,10.9985128,79.8265611,2.83,,646294264,unclassified,646650026,unclassified,https://www.openstreetmap.org/#map=19/10.998513/79.826561
dead end short of a road,11.5120184,79.1064293,4.78,,646425696,tertiary,646425736,living_street,https://www.openstreetmap.org/#map=19/11.512018/79.106429
dead end short of a road,11.3938491,79.6086959,2.12,,646618780,tertiary,650340883,unclassified,https://www.openstreetmap.org/#map=19/11.393849/79.608696
dead end short of a road,10.9985206,79.8265878,2.83,,646650026,unclassified,646294264,unclassified,https://www.openstreetmap.org/#map=19/10.998521/79.826588
dead end short of a road,11.3459915,79.4530728,2.58,,646663921,road,675676709,unclassified,https://www.openstreetmap.org/#map=19/11.345992/79.453073
dead end short of a road,11.3292074,79.4336242,4.08,,646670697,road,646670698,road,https://www.openstreetmap.org/#map=19/11.329207/79.433624
dead end short of a road,11.3291891,79.4335868,2.35,,646670698,road,646670697,road,https://www.openstreetmap.org/#map=19/11.329189/79.433587
dead end short of a road,10.3744937,79.8062066,3.22,,646735410,unclassified,646735412,unclassified,https://www.openstreetmap.org/#map=19/10.374494/79.806207
dead end short of a road,10.3745225,79.8062108,3.22,,646735412,unclassified,646735410,unclassified,https://www.openstreetmap.org/#map=19/10.374522/79.806211
dead end short of a road,10.4052058,79.7674565,2.99,,646787396,unclassified,598152958,tertiary,https://www.openstreetmap.org/#map=19/10.405206/79.767456
dead end short of a road,11.5106795,79.1546837,4.2,,646856845,unclassified,646856840,unclassified,https://www.openstreetmap.org/#map=19/11.510680/79.154684
dead end short of a road,11.1352617,79.6419599,3.75,,646872278,residential,647023542,residential,https://www.openstreetmap.org/#map=19/11.135262/79.641960
dead end short of a road,11.1350087,79.6398355,2.55,,646876687,residential,646872104,residential,https://www.openstreetmap.org/#map=19/11.135009/79.639836
dead end short of a road,10.7947483,79.678859,3.0,,646885124,residential,1056121293,tertiary,https://www.openstreetmap.org/#map=19/10.794748/79.678859
dead end short of a road,11.2937992,79.5512134,3.83,,646972610,residential,241323242,primary,https://www.openstreetmap.org/#map=19/11.293799/79.551213
dead end short of a road,11.2911426,79.5575595,2.53,,646973419,residential,646973037,residential,https://www.openstreetmap.org/#map=19/11.291143/79.557559
dead end short of a road,11.2914398,79.5565134,4.11,,646975372,unclassified,502631936,residential,https://www.openstreetmap.org/#map=19/11.291440/79.556513
dead end short of a road,11.330163,79.4906656,3.69,,646992236,residential,646992221,residential,https://www.openstreetmap.org/#map=19/11.330163/79.490666
dead end short of a road,11.3410849,79.4945789,2.43,,646992631,unclassified,640540631,tertiary,https://www.openstreetmap.org/#map=19/11.341085/79.494579
dead end short of a road,11.3621517,79.7642103,2.41,,647004937,unclassified,647095630,unclassified,https://www.openstreetmap.org/#map=19/11.362152/79.764210
dead end short of a road,10.4184277,79.6070022,3.79,,647005526,unclassified,649223164,unclassified,https://www.openstreetmap.org/#map=19/10.418428/79.607002
dead end short of a road,10.4144048,79.5963425,2.67,,647005533,unclassified,647005508,unclassified,https://www.openstreetmap.org/#map=19/10.414405/79.596343
dead end short of a road,11.4185978,78.9412609,4.41,,647006428,residential,94687792,tertiary,https://www.openstreetmap.org/#map=19/11.418598/78.941261
dead end short of a road,11.1350871,79.6420008,3.81,,647023542,residential,646872278,residential,https://www.openstreetmap.org/#map=19/11.135087/79.642001
dead end short of a road,11.5629353,79.010008,3.09,,647066145,residential,647066143,residential,https://www.openstreetmap.org/#map=19/11.562935/79.010008
dead end short of a road,11.3621601,79.7641923,2.41,,647095630,unclassified,647004937,unclassified,https://www.openstreetmap.org/#map=19/11.362160/79.764192
dead end short of a road,11.3414399,79.8037581,2.08,,647376116,residential,647044614,unclassified,https://www.openstreetmap.org/#map=19/11.341440/79.803758
dead end short of a road,11.1150669,79.6651724,4.99,,647401046,residential,647401047,residential,https://www.openstreetmap.org/#map=19/11.115067/79.665172
dead end short of a road,10.5864729,79.7838717,3.66,,647457716,residential,647457715,unclassified,https://www.openstreetmap.org/#map=19/10.586473/79.783872
dead end short of a road,10.6886324,79.8192671,3.44,,647472402,unclassified,646573755,unclassified,https://www.openstreetmap.org/#map=19/10.688632/79.819267
dead end short of a road,10.7531515,79.7099762,2.93,,647473236,unclassified,647473231,unclassified,https://www.openstreetmap.org/#map=19/10.753151/79.709976
dead end short of a road,11.3384311,79.3830205,2.13,,647618261,unclassified,647618264,unclassified,https://www.openstreetmap.org/#map=19/11.338431/79.383021
dead end short of a road,11.3384126,79.3830105,2.13,,647618264,unclassified,647618261,unclassified,https://www.openstreetmap.org/#map=19/11.338413/79.383010
dead end short of a road,11.4104602,79.3499034,2.09,,647622678,unclassified,647622677,unclassified,https://www.openstreetmap.org/#map=19/11.410460/79.349903
dead end short of a road,10.4481416,79.233519,2.15,,648006339,unclassified,650753711,unclassified,https://www.openstreetmap.org/#map=19/10.448142/79.233519
dead end short of a road,10.4371065,79.3762551,3.2,,648140762,unclassified,648151480,unclassified,https://www.openstreetmap.org/#map=19/10.437107/79.376255
dead end short of a road,10.4371315,79.3762759,3.2,,648151480,unclassified,648140762,unclassified,https://www.openstreetmap.org/#map=19/10.437131/79.376276
dead end short of a road,11.1701262,79.71147,3.1,,648427596,residential,648427610,unclassified,https://www.openstreetmap.org/#map=19/11.170126/79.711470
dead end short of a road,11.012813,79.7167566,3.7,,645751918,unclassified,645757205,unclassified,https://www.openstreetmap.org/#map=19/11.012813/79.716757
dead end short of a road,11.0128394,79.7167432,3.7,,645757205,unclassified,645751918,unclassified,https://www.openstreetmap.org/#map=19/11.012839/79.716743
dead end short of a road,11.1138405,79.810347,3.57,,648715716,residential,648976672,tertiary,https://www.openstreetmap.org/#map=19/11.113841/79.810347
dead end short of a road,11.1582031,79.7855633,4.22,,648986782,residential,372466295,unclassified,https://www.openstreetmap.org/#map=19/11.158203/79.785563
dead end short of a road,10.3628986,79.225635,3.85,,649072630,residential,1363208892,unclassified,https://www.openstreetmap.org/#map=19/10.362899/79.225635
dead end short of a road,10.3590714,79.2486621,4.78,,649080777,unclassified,1363208892,unclassified,https://www.openstreetmap.org/#map=19/10.359071/79.248662
dead end short of a road,10.790099,79.280304,1.96,,649108334,unclassified,649113505,unclassified,https://www.openstreetmap.org/#map=19/10.790099/79.280304
dead end short of a road,10.7901123,79.2803192,1.96,,649113505,unclassified,649108334,unclassified,https://www.openstreetmap.org/#map=19/10.790112/79.280319
dead end short of a road,10.7857507,79.3759606,3.13,,649213371,unclassified,649213372,residential,https://www.openstreetmap.org/#map=19/10.785751/79.375961
dead end short of a road,10.7857771,79.3759773,3.13,,649213372,residential,649213371,unclassified,https://www.openstreetmap.org/#map=19/10.785777/79.375977
dead end short of a road,11.2290507,79.631189,2.99,,649245580,residential,202406035,tertiary,https://www.openstreetmap.org/#map=19/11.229051/79.631189
dead end short of a road,10.8718003,79.3998532,3.41,,649268103,residential,1185709903,residential,https://www.openstreetmap.org/#map=19/10.871800/79.399853
dead end short of a road,10.9675857,79.5444649,2.14,,649504014,unclassified,649504012,unclassified,https://www.openstreetmap.org/#map=19/10.967586/79.544465
dead end short of a road,10.4453152,79.759495,3.03,,649509398,unclassified,649517211,unclassified,https://www.openstreetmap.org/#map=19/10.445315/79.759495
dead end short of a road,10.4453126,79.7595218,3.03,,649517211,unclassified,649509398,unclassified,https://www.openstreetmap.org/#map=19/10.445313/79.759522
dead end short of a road,10.2731275,79.1546836,2.48,,649714893,residential,649713811,unclassified,https://www.openstreetmap.org/#map=19/10.273127/79.154684
dead end short of a road,10.2935332,79.2139846,4.12,,648872997,residential,648873008,unclassified,https://www.openstreetmap.org/#map=19/10.293533/79.213985
dead end short of a road,10.946073,79.2703582,4.76,,649828124,residential,1366301750,primary,https://www.openstreetmap.org/#map=19/10.946073/79.270358
dead end short of a road,10.5937857,79.6768443,1.36,,650031103,unclassified,651503608,unclassified,https://www.openstreetmap.org/#map=19/10.593786/79.676844
dead end short of a road,10.4543523,79.3876503,4.69,,650053916,unclassified,650053917,unclassified,https://www.openstreetmap.org/#map=19/10.454352/79.387650
dead end short of a road,10.6873216,79.2184256,2.82,,650054285,residential,1340597196,primary,https://www.openstreetmap.org/#map=19/10.687322/79.218426
dead end short of a road,10.4547108,79.4296369,2.85,,650334909,residential,647797091,unclassified,https://www.openstreetmap.org/#map=19/10.454711/79.429637
dead end short of a road,10.6267033,79.2967171,2.21,,650339672,road,548435629,secondary,https://www.openstreetmap.org/#map=19/10.626703/79.296717
dead end short of a road,11.3938681,79.6087005,2.12,,650340883,unclassified,646618780,tertiary,https://www.openstreetmap.org/#map=19/11.393868/79.608700
dead end short of a road,10.8542514,79.3553294,1.22,,650727921,road,650728341,road,https://www.openstreetmap.org/#map=19/10.854251/79.355329
dead end short of a road,10.5892505,79.1901172,4.12,,650764484,unclassified,1376948732,residential,https://www.openstreetmap.org/#map=19/10.589251/79.190117
dead end short of a road,10.7284541,79.3177646,4.86,,651060727,residential,1363230580,unclassified,https://www.openstreetmap.org/#map=19/10.728454/79.317765
dead end short of a road,10.5937873,79.676857,1.36,,651503608,unclassified,650031103,unclassified,https://www.openstreetmap.org/#map=19/10.593787/79.676857
dead end short of a road,10.9791347,79.3905819,2.32,,651627261,residential,1044631454,residential,https://www.openstreetmap.org/#map=19/10.979135/79.390582
dead end short of a road,11.0275322,79.5700396,4.42,,651637818,unclassified,651199471,unclassified,https://www.openstreetmap.org/#map=19/11.027532/79.570040
dead end short of a road,10.5463351,79.3201296,4.87,,651790158,unclassified,232615090,secondary,https://www.openstreetmap.org/#map=19/10.546335/79.320130
dead end short of a road,10.7074964,79.0066248,4.96,,813133828,residential,816209487,residential,https://www.openstreetmap.org/#map=19/10.707496/79.006625
dead end short of a road,11.2615551,79.6259599,1.99,,652169713,living_street,652168815,unclassified,https://www.openstreetmap.org/#map=19/11.261555/79.625960
dead end short of a road,10.9617818,79.2901872,4.46,,652537526,unclassified,653414648,unclassified,https://www.openstreetmap.org/#map=19/10.961782/79.290187
dead end short of a road,10.5272246,78.6725044,2.7,,652745111,unclassified,340466288,tertiary,https://www.openstreetmap.org/#map=19/10.527225/78.672504
dead end short of a road,10.5955985,78.5501755,1.84,,653266527,road,548775760,primary,https://www.openstreetmap.org/#map=19/10.595598/78.550175
dead end short of a road,10.4436883,78.7546285,3.11,,653688182,unclassified,340474148,tertiary,https://www.openstreetmap.org/#map=19/10.443688/78.754628
dead end short of a road,10.7494443,79.665783,4.76,,653795393,residential,654548745,unclassified,https://www.openstreetmap.org/#map=19/10.749444/79.665783
dead end short of a road,11.1599583,79.6523568,4.4,,653950745,unclassified,653950748,unclassified,https://www.openstreetmap.org/#map=19/11.159958/79.652357
dead end short of a road,10.4013063,78.9893684,2.04,,654239196,unclassified,670699556,unclassified,https://www.openstreetmap.org/#map=19/10.401306/78.989368
dead end short of a road,11.5230741,79.4106294,2.81,,654336664,unclassified,674215552,unclassified,https://www.openstreetmap.org/#map=19/11.523074/79.410629
dead end short of a road,10.5992304,79.781928,4.24,,654539264,service,654539251,unclassified,https://www.openstreetmap.org/#map=19/10.599230/79.781928
dead end short of a road,10.7494595,79.6657464,4.76,,654548745,unclassified,653795393,residential,https://www.openstreetmap.org/#map=19/10.749460/79.665746
dead end short of a road,10.4121822,79.6209429,2.45,,655279686,unclassified,655404533,unclassified,https://www.openstreetmap.org/#map=19/10.412182/79.620943
dead end short of a road,10.3999149,79.6843526,3.3,,655363926,unclassified,655363924,unclassified,https://www.openstreetmap.org/#map=19/10.399915/79.684353
dead end short of a road,10.4118983,79.6208945,4.85,,655404533,unclassified,655279686,unclassified,https://www.openstreetmap.org/#map=19/10.411898/79.620895
dead end short of a road,10.7779631,79.6825833,3.1,,655455017,unclassified,648606872,residential,https://www.openstreetmap.org/#map=19/10.777963/79.682583
dead end short of a road,11.2161972,79.691064,1.99,,655460945,residential,648422304,unclassified,https://www.openstreetmap.org/#map=19/11.216197/79.691064
dead end short of a road,10.5956799,78.5522507,3.0,,655489690,unclassified,653266524,road,https://www.openstreetmap.org/#map=19/10.595680/78.552251
dead end short of a road,10.545642,79.1305277,2.82,,656396836,unclassified,656396838,unclassified,https://www.openstreetmap.org/#map=19/10.545642/79.130528
dead end short of a road,10.1729856,78.9088241,2.0,,658322458,unclassified,658322453,unclassified,https://www.openstreetmap.org/#map=19/10.172986/78.908824
dead end short of a road,10.1726688,78.9153097,3.12,,658322468,unclassified,658322466,unclassified,https://www.openstreetmap.org/#map=19/10.172669/78.915310
dead end short of a road,10.2382128,78.7084867,1.9,,659291818,unclassified,659291816,residential,https://www.openstreetmap.org/#map=19/10.238213/78.708487
dead end short of a road,10.2025182,79.183976,4.45,,659331359,unclassified,659331358,unclassified,https://www.openstreetmap.org/#map=19/10.202518/79.183976
dead end short of a road,10.5874055,78.4644133,2.3,,659404384,unclassified,667277906,unclassified,https://www.openstreetmap.org/#map=19/10.587405/78.464413
dead end short of a road,10.5753132,78.4733584,4.52,,659404414,unclassified,659404412,unclassified,https://www.openstreetmap.org/#map=19/10.575313/78.473358
dead end short of a road,10.5742428,78.4815713,3.51,,659404416,unclassified,560575175,residential,https://www.openstreetmap.org/#map=19/10.574243/78.481571
dead end short of a road,11.1152324,78.00666,1.95,,659442311,residential,659442304,residential,https://www.openstreetmap.org/#map=19/11.115232/78.006660
dead end short of a road,10.8863801,79.7428021,2.91,,660795711,unclassified,668429405,residential,https://www.openstreetmap.org/#map=19/10.886380/79.742802
dead end short of a road,10.8754962,79.7736679,3.61,,660796213,road,660796224,road,https://www.openstreetmap.org/#map=19/10.875496/79.773668
dead end short of a road,10.9566637,79.7933442,2.63,,661477643,unclassified,654808221,primary,https://www.openstreetmap.org/#map=19/10.956664/79.793344
dead end short of a road,10.8783593,79.8294679,3.83,,661479568,unclassified,661476308,unclassified,https://www.openstreetmap.org/#map=19/10.878359/79.829468
dead end short of a road,10.4788156,78.7286764,3.34,,662883278,unclassified,214074170,tertiary,https://www.openstreetmap.org/#map=19/10.478816/78.728676
dead end short of a road,10.3795369,79.0091177,2.98,,663467784,unclassified,426681988,tertiary,https://www.openstreetmap.org/#map=19/10.379537/79.009118
dead end short of a road,10.4826393,78.6121915,2.64,,663586175,unclassified,663586174,unclassified,https://www.openstreetmap.org/#map=19/10.482639/78.612191
dead end short of a road,10.3417642,79.0214595,2.9,,663907190,unclassified,543910139,unclassified,https://www.openstreetmap.org/#map=19/10.341764/79.021460
dead end short of a road,10.3641522,78.5752698,3.52,,663910157,unclassified,663910156,unclassified,https://www.openstreetmap.org/#map=19/10.364152/78.575270
dead end short of a road,10.407109,78.5427882,1.58,,663934632,road,430201423,secondary,https://www.openstreetmap.org/#map=19/10.407109/78.542788
dead end short of a road,10.1545391,78.8303708,2.54,,664168576,unclassified,47971598,tertiary,https://www.openstreetmap.org/#map=19/10.154539/78.830371
dead end short of a road,9.9858591,79.0852809,4.59,,665043713,unclassified,546858816,tertiary,https://www.openstreetmap.org/#map=19/9.985859/79.085281
dead end short of a road,9.9744034,79.0544307,3.47,,665050251,unclassified,662901816,unclassified,https://www.openstreetmap.org/#map=19/9.974403/79.054431
dead end short of a road,10.3475219,78.9012924,1.37,,665298818,road,665298819,road,https://www.openstreetmap.org/#map=19/10.347522/78.901292
dead end short of a road,10.4401399,79.1091478,2.33,,665302962,road,665302963,road,https://www.openstreetmap.org/#map=19/10.440140/79.109148
dead end short of a road,10.3982266,78.6348196,4.3,,665303097,unclassified,429759246,tertiary,https://www.openstreetmap.org/#map=19/10.398227/78.634820
dead end short of a road,10.1601722,78.6698616,3.58,,665619449,residential,583147859,tertiary,https://www.openstreetmap.org/#map=19/10.160172/78.669862
dead end short of a road,10.5742484,78.4815404,3.6,,560575175,residential,659404416,unclassified,https://www.openstreetmap.org/#map=19/10.574248/78.481540
dead end short of a road,10.187004,78.6751391,3.63,,666985255,road,666985254,unclassified,https://www.openstreetmap.org/#map=19/10.187004/78.675139
dead end short of a road,10.3413464,78.9719716,2.94,,667273167,unclassified,667273166,unclassified,https://www.openstreetmap.org/#map=19/10.341346/78.971972
dead end short of a road,10.587413,78.4643957,2.3,,667277906,unclassified,659404384,unclassified,https://www.openstreetmap.org/#map=19/10.587413/78.464396
dead end short of a road,10.1466107,78.6782029,4.54,,667295876,unclassified,583147859,tertiary,https://www.openstreetmap.org/#map=19/10.146611/78.678203
dead end short of a road,10.3661733,78.6492393,4.88,,1366117106,unclassified,589196492,secondary,https://www.openstreetmap.org/#map=19/10.366173/78.649239
dead end short of a road,10.8285257,79.828557,3.18,,668253211,unclassified,379691710,primary,https://www.openstreetmap.org/#map=19/10.828526/79.828557
dead end short of a road,10.9055855,79.8089273,3.3,,668315164,road,189038512,secondary,https://www.openstreetmap.org/#map=19/10.905586/79.808927
dead end short of a road,10.9596751,79.7937053,2.09,,668267359,unclassified,661477642,unclassified,https://www.openstreetmap.org/#map=19/10.959675/79.793705
dead end short of a road,10.9559339,79.8026409,3.94,,668267485,unclassified,668267357,road,https://www.openstreetmap.org/#map=19/10.955934/79.802641
dead end short of a road,10.9672437,79.8274281,3.03,,668677260,service,235157847,residential,https://www.openstreetmap.org/#map=19/10.967244/79.827428
dead end short of a road,10.5296728,78.7957365,3.44,,668843328,unclassified,425983954,tertiary,https://www.openstreetmap.org/#map=19/10.529673/78.795737
dead end short of a road,10.3659426,78.6057233,1.91,,668949461,unclassified,668949460,unclassified,https://www.openstreetmap.org/#map=19/10.365943/78.605723
dead end short of a road,10.367858,78.6066353,3.39,,668949463,unclassified,931285542,secondary,https://www.openstreetmap.org/#map=19/10.367858/78.606635
dead end short of a road,10.4881002,78.7036932,3.04,,668977079,unclassified,668977081,unclassified,https://www.openstreetmap.org/#map=19/10.488100/78.703693
dead end short of a road,10.4881309,78.7036781,4.24,,668977081,unclassified,668977079,unclassified,https://www.openstreetmap.org/#map=19/10.488131/78.703678
dead end short of a road,10.3941859,78.5836172,2.56,,668977544,unclassified,668905928,unclassified,https://www.openstreetmap.org/#map=19/10.394186/78.583617
dead end short of a road,10.424521,78.5552649,2.3,,663248291,unclassified,669211612,unclassified,https://www.openstreetmap.org/#map=19/10.424521/78.555265
dead end short of a road,10.5003796,78.6337986,3.47,,669475865,residential,666559670,tertiary,https://www.openstreetmap.org/#map=19/10.500380/78.633799
dead end short of a road,10.2909994,78.6195818,3.95,,669622236,unclassified,669622237,unclassified,https://www.openstreetmap.org/#map=19/10.290999/78.619582
dead end short of a road,10.2909639,78.6195951,4.64,,669622237,unclassified,669622236,unclassified,https://www.openstreetmap.org/#map=19/10.290964/78.619595
dead end short of a road,10.4531636,78.7347544,4.41,,669631065,tertiary,670268075,tertiary,https://www.openstreetmap.org/#map=19/10.453164/78.734754
dead end short of a road,10.4599252,78.7408906,2.01,,669631121,tertiary,669631084,tertiary,https://www.openstreetmap.org/#map=19/10.459925/78.740891
dead end short of a road,10.4548689,78.7080919,4.22,,669780726,road,669780728,road,https://www.openstreetmap.org/#map=19/10.454869/78.708092
dead end short of a road,10.5802341,78.9032794,4.43,,669987927,unclassified,669989933,unclassified,https://www.openstreetmap.org/#map=19/10.580234/78.903279
dead end short of a road,10.2618989,78.5541239,2.54,,670503227,unclassified,670503226,unclassified,https://www.openstreetmap.org/#map=19/10.261899/78.554124
dead end short of a road,10.2703189,78.5651328,4.48,,670503229,unclassified,669292713,unclassified,https://www.openstreetmap.org/#map=19/10.270319/78.565133
dead end short of a road,10.4011032,78.9894381,3.09,,670699556,unclassified,654239196,unclassified,https://www.openstreetmap.org/#map=19/10.401103/78.989438
dead end short of a road,10.4420842,78.6803396,2.03,,672204215,unclassified,665306343,unclassified,https://www.openstreetmap.org/#map=19/10.442084/78.680340
dead end short of a road,11.4455067,79.5026101,4.46,,674195581,residential,674195566,residential,https://www.openstreetmap.org/#map=19/11.445507/79.502610
dead end short of a road,11.5230271,79.4105825,2.72,,674215552,unclassified,654336664,unclassified,https://www.openstreetmap.org/#map=19/11.523027/79.410583
dead end short of a road,11.4882312,79.2903062,4.41,,674679979,residential,566654208,tertiary,https://www.openstreetmap.org/#map=19/11.488231/79.290306
dead end short of a road,11.515761,79.1390282,3.22,,674900581,unclassified,674900579,unclassified,https://www.openstreetmap.org/#map=19/11.515761/79.139028
dead end short of a road,11.4584904,79.6163235,2.09,,675025361,road,675245499,unclassified,https://www.openstreetmap.org/#map=19/11.458490/79.616323
dead end short of a road,11.4585092,79.6163294,2.09,,675245499,unclassified,675025361,road,https://www.openstreetmap.org/#map=19/11.458509/79.616329
dead end short of a road,11.3458948,79.4529855,2.46,,675676709,unclassified,646663921,road,https://www.openstreetmap.org/#map=19/11.345895/79.452985
dead end short of a road,12.8462318,77.8053813,4.26,,675847296,residential,1062955286,residential,https://www.openstreetmap.org/#map=19/12.846232/77.805381
dead end short of a road,11.4450816,79.2476658,3.25,,675863769,residential,675863768,residential,https://www.openstreetmap.org/#map=19/11.445082/79.247666
dead end short of a road,12.8607068,77.7807051,2.28,,1517271827,primary,692111909,residential,https://www.openstreetmap.org/#map=19/12.860707/77.780705
dead end short of a road,12.7895531,78.1444443,1.96,,782999802,tertiary,712988112,tertiary,https://www.openstreetmap.org/#map=19/12.789553/78.144444
dead end short of a road,12.9065079,80.2340234,3.35,Chennai,723324591,residential,442992995,residential,https://www.openstreetmap.org/#map=19/12.906508/80.234023
dead end short of a road,13.0340262,80.2286931,2.32,Chennai,730963734,service,23163915,residential,https://www.openstreetmap.org/#map=19/13.034026/80.228693
dead end short of a road,13.0347213,80.2291176,2.05,Chennai,730963738,service,160274859,residential,https://www.openstreetmap.org/#map=19/13.034721/80.229118
dead end short of a road,13.0352191,80.2288896,1.18,Chennai,730963739,service,1546943823,tertiary,https://www.openstreetmap.org/#map=19/13.035219/80.228890
dead end short of a road,9.3879989,78.1036842,3.27,,754356711,unclassified,146794717,primary,https://www.openstreetmap.org/#map=19/9.387999/78.103684
dead end short of a road,12.1669535,78.1339705,3.28,,767877743,residential,202767840,primary,https://www.openstreetmap.org/#map=19/12.166953/78.133971
dead end short of a road,11.7171947,79.1781437,3.26,,768267717,residential,768267714,residential,https://www.openstreetmap.org/#map=19/11.717195/79.178144
dead end short of a road,11.0728746,78.6005902,2.64,,770210668,unclassified,22832664,primary,https://www.openstreetmap.org/#map=19/11.072875/78.600590
dead end short of a road,11.0536373,78.7047029,3.52,,771824090,unclassified,202420273,secondary,https://www.openstreetmap.org/#map=19/11.053637/78.704703
dead end short of a road,11.2707124,78.9576164,2.99,,776674863,residential,562059098,tertiary,https://www.openstreetmap.org/#map=19/11.270712/78.957616
dead end short of a road,11.2304737,79.0209541,3.58,,777635361,residential,777635362,unclassified,https://www.openstreetmap.org/#map=19/11.230474/79.020954
dead end short of a road,11.2357117,79.1506013,3.68,,782911987,residential,782911991,residential,https://www.openstreetmap.org/#map=19/11.235712/79.150601
dead end short of a road,12.7870717,77.9324937,3.42,,1346311118,unclassified,1346311117,unclassified,https://www.openstreetmap.org/#map=19/12.787072/77.932494
dead end short of a road,12.78708,77.932466,3.42,,1346311117,unclassified,1346311118,unclassified,https://www.openstreetmap.org/#map=19/12.787080/77.932466
dead end short of a road,10.0550134,78.1681158,4.34,,789856055,residential,1299503876,trunk_link,https://www.openstreetmap.org/#map=19/10.055013/78.168116
dead end short of a road,11.1675685,79.0945807,4.94,,792784846,unclassified,178523181,primary,https://www.openstreetmap.org/#map=19/11.167568/79.094581
dead end short of a road,12.8181561,77.789035,4.76,,794270142,residential,1231031190,residential,https://www.openstreetmap.org/#map=19/12.818156/77.789035
dead end short of a road,12.8180498,77.7893228,4.98,,794270143,residential,1231031191,residential,https://www.openstreetmap.org/#map=19/12.818050/77.789323
dead end short of a road,12.8608301,77.7828917,4.11,,1515072373,residential,1515072374,residential,https://www.openstreetmap.org/#map=19/12.860830/77.782892
dead end short of a road,12.8470024,77.7762052,4.25,,1231319318,unclassified,1077021204,service,https://www.openstreetmap.org/#map=19/12.847002/77.776205
dead end short of a road,12.7537543,77.8117563,4.45,,796751686,service,33998734,residential,https://www.openstreetmap.org/#map=19/12.753754/77.811756
dead end short of a road,11.5273179,76.2505876,3.87,,621362023,residential,1419362232,residential,https://www.openstreetmap.org/#map=19/11.527318/76.250588
dead end short of a road,12.7740307,77.8050063,4.82,,798246469,residential,795642338,residential,https://www.openstreetmap.org/#map=19/12.774031/77.805006
dead end short of a road,9.6119861,77.1606963,3.82,,800476927,unclassified,622945340,residential,https://www.openstreetmap.org/#map=19/9.611986/77.160696
dead end short of a road,10.3535485,77.9653908,4.83,,800719393,residential,1150952715,primary,https://www.openstreetmap.org/#map=19/10.353549/77.965391
dead end short of a road,8.1746772,77.339554,3.63,,800845368,residential,800845370,residential,https://www.openstreetmap.org/#map=19/8.174677/77.339554
dead end short of a road,8.1746548,77.3395258,3.63,,800845370,residential,800845368,residential,https://www.openstreetmap.org/#map=19/8.174655/77.339526
dead end short of a road,8.1660639,77.3313949,3.91,,800904717,service,800904714,service,https://www.openstreetmap.org/#map=19/8.166064/77.331395
dead end short of a road,8.1660778,77.3313651,3.91,,800904714,service,800904717,service,https://www.openstreetmap.org/#map=19/8.166078/77.331365
dead end short of a road,8.1314003,77.5056833,2.31,,1295963352,unclassified,1295966909,unclassified,https://www.openstreetmap.org/#map=19/8.131400/77.505683
dead end short of a road,10.3514265,77.980945,4.44,,802428771,residential,1060543908,residential,https://www.openstreetmap.org/#map=19/10.351427/77.980945
dead end short of a road,10.5668759,78.4500562,1.82,,804824956,road,335391177,tertiary,https://www.openstreetmap.org/#map=19/10.566876/78.450056
dead end short of a road,10.7074872,79.0065781,4.96,,816209487,residential,813133828,residential,https://www.openstreetmap.org/#map=19/10.707487/79.006578
dead end short of a road,11.7198989,79.4090831,3.13,,818442064,residential,818442061,tertiary,https://www.openstreetmap.org/#map=19/11.719899/79.409083
dead end short of a road,11.7823558,79.7736446,3.77,,819039821,residential,1047774215,residential,https://www.openstreetmap.org/#map=19/11.782356/79.773645
dead end short of a road,11.9103559,79.8195156,2.68,,821737788,residential,821540453,unclassified,https://www.openstreetmap.org/#map=19/11.910356/79.819516
dead end short of a road,10.9658369,79.3907953,3.49,,821820029,residential,1044631447,residential,https://www.openstreetmap.org/#map=19/10.965837/79.390795
dead end short of a road,11.40194,77.6635379,3.46,,822202505,residential,822202498,residential,https://www.openstreetmap.org/#map=19/11.401940/77.663538
dead end short of a road,11.3988609,77.9287,4.82,,823367428,residential,823399887,residential,https://www.openstreetmap.org/#map=19/11.398861/77.928700
dead end short of a road,11.3606216,77.7210309,2.99,,824523542,residential,1059830896,residential,https://www.openstreetmap.org/#map=19/11.360622/77.721031
dead end short of a road,11.3366865,77.9784733,4.63,,825812252,residential,824747316,residential,https://www.openstreetmap.org/#map=19/11.336687/77.978473
dead end short of a road,10.9798933,79.3930113,3.0,,826071428,residential,1044631453,service,https://www.openstreetmap.org/#map=19/10.979893/79.393011
dead end short of a road,12.6101399,77.863934,3.06,,827052555,residential,782055419,residential,https://www.openstreetmap.org/#map=19/12.610140/77.863934
dead end short of a road,12.8589741,79.7779625,3.82,,828328607,residential,828328611,residential,https://www.openstreetmap.org/#map=19/12.858974/79.777963
dead end short of a road,12.8589961,79.7779965,3.82,,828328611,residential,828328607,residential,https://www.openstreetmap.org/#map=19/12.858996/79.777997
dead end short of a road,12.6085982,80.0785612,4.3,,828710637,residential,828710636,residential,https://www.openstreetmap.org/#map=19/12.608598/80.078561
dead end short of a road,12.6085614,80.0785365,4.34,,828710636,residential,828710637,residential,https://www.openstreetmap.org/#map=19/12.608561/80.078536
dead end short of a road,12.2052258,79.0508316,3.19,,829237314,residential,1053573780,residential,https://www.openstreetmap.org/#map=19/12.205226/79.050832
dead end short of a road,12.2148733,79.0492304,3.04,,829237330,residential,1053573776,residential,https://www.openstreetmap.org/#map=19/12.214873/79.049230
dead end short of a road,12.7608724,79.7407381,4.75,,829533956,residential,829533954,residential,https://www.openstreetmap.org/#map=19/12.760872/79.740738
dead end short of a road,9.5816194,77.9651025,3.97,,829536720,residential,984818770,residential,https://www.openstreetmap.org/#map=19/9.581619/77.965103
dead end short of a road,12.694848,80.1284143,4.99,,829680660,residential,829680666,residential,https://www.openstreetmap.org/#map=19/12.694848/80.128414
dead end short of a road,12.6948602,80.1288309,4.73,,829680661,residential,829680666,residential,https://www.openstreetmap.org/#map=19/12.694860/80.128831
dead end short of a road,12.7319583,80.2351951,3.71,,830723292,residential,1053310959,residential,https://www.openstreetmap.org/#map=19/12.731958/80.235195
dead end short of a road,13.1099541,79.8566523,1.78,,1396854253,unclassified,1396854254,unclassified,https://www.openstreetmap.org/#map=19/13.109954/79.856652
dead end short of a road,12.935147,79.8330687,4.24,,832229720,residential,1388451350,unclassified,https://www.openstreetmap.org/#map=19/12.935147/79.833069
dead end short of a road,9.9670445,77.236768,4.16,,962160022,residential,796378333,unclassified,https://www.openstreetmap.org/#map=19/9.967045/77.236768
dead end short of a road,12.8913599,80.1156359,4.5,Chennai,834174800,residential,654078608,residential,https://www.openstreetmap.org/#map=19/12.891360/80.115636
dead end short of a road,13.0481507,80.0502741,4.79,Chennai,834600302,residential,26807557,residential,https://www.openstreetmap.org/#map=19/13.048151/80.050274
dead end short of a road,13.1297005,80.297139,4.16,Chennai,834637868,service,1154483964,service,https://www.openstreetmap.org/#map=19/13.129701/80.297139
dead end short of a road,12.8994756,80.2009389,4.8,Chennai,1268106576,residential,834644953,residential,https://www.openstreetmap.org/#map=19/12.899476/80.200939
dead end short of a road,13.1813964,80.22289,4.62,Chennai,834690008,residential,387213126,residential,https://www.openstreetmap.org/#map=19/13.181396/80.222890
dead end short of a road,12.9092403,80.0840342,4.71,Chennai,385082239,residential,1229582132,residential,https://www.openstreetmap.org/#map=19/12.909240/80.084034
dead end short of a road,12.8054821,80.0252213,2.66,,835798086,residential,1046062584,residential,https://www.openstreetmap.org/#map=19/12.805482/80.025221
dead end short of a road,12.9589455,80.2574484,4.47,Chennai,835971828,residential,1254261044,residential,https://www.openstreetmap.org/#map=19/12.958946/80.257448
dead end short of a road,12.9589053,80.2574352,4.42,Chennai,1254261044,residential,835971828,residential,https://www.openstreetmap.org/#map=19/12.958905/80.257435
dead end short of a road,13.1213082,80.0772847,4.92,Chennai,836096440,service,378621251,residential,https://www.openstreetmap.org/#map=19/13.121308/80.077285
dead end short of a road,13.2111339,80.1979124,4.07,Chennai,836349634,residential,1278083371,residential,https://www.openstreetmap.org/#map=19/13.211134/80.197912
dead end short of a road,12.8848148,80.1384414,4.42,Chennai,836388074,residential,1044725423,residential,https://www.openstreetmap.org/#map=19/12.884815/80.138441
dead end short of a road,13.054652,80.1882655,3.35,Chennai,1297924333,residential,836316038,residential,https://www.openstreetmap.org/#map=19/13.054652/80.188265
dead end short of a road,13.123817,80.0940684,4.65,Chennai,836704738,service,389213777,residential,https://www.openstreetmap.org/#map=19/13.123817/80.094068
dead end short of a road,12.9650971,80.1507057,3.89,Chennai,836730819,residential,1221496673,tertiary,https://www.openstreetmap.org/#map=19/12.965097/80.150706
dead end short of a road,13.1119556,80.0861357,4.02,Chennai,836979872,residential,1232424611,residential,https://www.openstreetmap.org/#map=19/13.111956/80.086136
dead end short of a road,13.0675801,80.1170789,3.69,Chennai,836981306,residential,1254244975,residential,https://www.openstreetmap.org/#map=19/13.067580/80.117079
dead end short of a road,11.4392317,76.717482,3.28,,837326835,service,209748264,tertiary,https://www.openstreetmap.org/#map=19/11.439232/76.717482
dead end short of a road,11.4735145,76.7366414,2.71,,837335653,service,302332712,tertiary,https://www.openstreetmap.org/#map=19/11.473515/76.736641
dead end short of a road,13.0170022,80.1216209,4.76,Chennai,837814526,residential,994839187,residential,https://www.openstreetmap.org/#map=19/13.017002/80.121621
dead end short of a road,13.1523515,80.2317192,4.71,Chennai,838177859,residential,838177862,residential,https://www.openstreetmap.org/#map=19/13.152351/80.231719
dead end short of a road,9.8480717,77.2928745,2.52,,1375756043,residential,679660310,tertiary,https://www.openstreetmap.org/#map=19/9.848072/77.292874
dead end short of a road,12.5203796,78.1990585,2.86,,845767467,residential,1120310117,residential,https://www.openstreetmap.org/#map=19/12.520380/78.199059
dead end short of a road,12.5316103,78.2009768,2.07,,846106559,residential,1072550343,residential,https://www.openstreetmap.org/#map=19/12.531610/78.200977
dead end short of a road,12.5174811,78.2161526,1.98,,846106611,residential,1076809437,residential,https://www.openstreetmap.org/#map=19/12.517481/78.216153
dead end short of a road,12.5125831,78.2241089,4.88,,846106620,residential,846106616,residential,https://www.openstreetmap.org/#map=19/12.512583/78.224109
dead end short of a road,11.5037155,76.2989421,4.49,,846710692,unclassified,927676299,unclassified,https://www.openstreetmap.org/#map=19/11.503716/76.298942
dead end short of a road,12.5120932,78.227185,4.58,,846915102,residential,846106621,residential,https://www.openstreetmap.org/#map=19/12.512093/78.227185
dead end short of a road,8.2838242,77.1545997,3.24,,857876582,unclassified,1219467220,residential,https://www.openstreetmap.org/#map=19/8.283824/77.154600
dead end short of a road,10.1683349,77.7586164,4.17,,876635896,residential,1366755404,residential,https://www.openstreetmap.org/#map=19/10.168335/77.758616
dead end short of a road,9.4694512,77.7871688,4.72,,878498982,residential,1054630155,residential,https://www.openstreetmap.org/#map=19/9.469451/77.787169
dead end short of a road,10.9778252,76.9669911,4.02,Coimbatore,914632714,unclassified,1190129453,residential,https://www.openstreetmap.org/#map=19/10.977825/76.966991
dead end short of a road,10.9610275,76.9158553,4.53,Coimbatore,914898740,residential,573802776,unclassified,https://www.openstreetmap.org/#map=19/10.961028/76.915855
dead end short of a road,10.9156438,76.9881006,2.71,Coimbatore,924161151,unclassified,1066108634,residential,https://www.openstreetmap.org/#map=19/10.915644/76.988101
dead end short of a road,11.4969764,76.2812261,2.32,,932006149,unclassified,1220218607,unclassified,https://www.openstreetmap.org/#map=19/11.496976/76.281226
dead end short of a road,10.8149462,78.6568831,3.81,Tiruchirappalli,943469355,residential,943469385,residential,https://www.openstreetmap.org/#map=19/10.814946/78.656883
dead end short of a road,9.6610848,77.1860031,4.23,,961997393,unclassified,622987874,residential,https://www.openstreetmap.org/#map=19/9.661085/77.186003
dead end short of a road,9.7309209,77.1916852,3.53,,963173935,residential,378113650,primary,https://www.openstreetmap.org/#map=19/9.730921/77.191685
dead end short of a road,9.7327059,77.1977653,2.19,,963175441,unclassified,623029023,residential,https://www.openstreetmap.org/#map=19/9.732706/77.197765
dead end short of a road,9.7749656,77.2118697,2.34,,963354038,residential,617161996,primary,https://www.openstreetmap.org/#map=19/9.774966/77.211870
dead end short of a road,9.7943966,77.225751,2.63,,963379190,residential,622944602,residential,https://www.openstreetmap.org/#map=19/9.794397/77.225751
dead end short of a road,10.8854956,78.7151474,2.31,Tiruchirappalli,972260418,unclassified,1057803268,unclassified,https://www.openstreetmap.org/#map=19/10.885496/78.715147
dead end short of a road,12.4219206,78.2161435,2.18,,978379954,residential,978379960,tertiary,https://www.openstreetmap.org/#map=19/12.421921/78.216144
dead end short of a road,11.618477,78.1180823,3.04,Salem,979932399,unclassified,1213592644,residential,https://www.openstreetmap.org/#map=19/11.618477/78.118082
dead end short of a road,11.5795068,78.0530358,3.76,,979937010,residential,1215224732,residential,https://www.openstreetmap.org/#map=19/11.579507/78.053036
dead end short of a road,11.9390981,79.7844677,4.32,,985069515,residential,818312141,residential,https://www.openstreetmap.org/#map=19/11.939098/79.784468
dead end short of a road,12.4232479,78.2174666,4.21,,987569906,residential,978379957,residential,https://www.openstreetmap.org/#map=19/12.423248/78.217467
dead end short of a road,10.9359689,76.9861101,2.76,Coimbatore,987656868,residential,1066097052,residential,https://www.openstreetmap.org/#map=19/10.935969/76.986110
dead end short of a road,11.2025931,78.1613946,3.26,,990699222,residential,1534798228,residential,https://www.openstreetmap.org/#map=19/11.202593/78.161395
dead end short of a road,11.7123438,78.0966407,2.48,Salem,990703646,residential,981097867,unclassified,https://www.openstreetmap.org/#map=19/11.712344/78.096641
dead end short of a road,11.7188574,78.0914641,3.68,Salem,990703651,residential,207542182,tertiary,https://www.openstreetmap.org/#map=19/11.718857/78.091464
dead end short of a road,11.7111462,78.1026757,3.04,Salem,990821893,residential,980510650,unclassified,https://www.openstreetmap.org/#map=19/11.711146/78.102676
dead end short of a road,9.4734767,77.5407956,2.94,,991872496,residential,897913410,residential,https://www.openstreetmap.org/#map=19/9.473477/77.540796
dead end short of a road,9.4676449,77.5412251,3.97,,991872507,residential,888053465,residential,https://www.openstreetmap.org/#map=19/9.467645/77.541225
dead end short of a road,12.2255187,79.042486,4.59,,991938989,residential,829238943,residential,https://www.openstreetmap.org/#map=19/12.225519/79.042486
dead end short of a road,12.2318898,79.0241109,2.9,,991938996,residential,829628070,residential,https://www.openstreetmap.org/#map=19/12.231890/79.024111
dead end short of a road,12.2607271,79.0219814,1.84,,991939002,residential,828824865,tertiary,https://www.openstreetmap.org/#map=19/12.260727/79.021981
dead end short of a road,11.0786938,77.3634696,4.12,,992357750,residential,955187338,unclassified,https://www.openstreetmap.org/#map=19/11.078694/77.363470
dead end short of a road,11.0761454,77.3721063,3.92,,992358372,residential,992358371,residential,https://www.openstreetmap.org/#map=19/11.076145/77.372106
dead end short of a road,11.083016,77.3686785,3.0,,992358387,residential,207312523,residential,https://www.openstreetmap.org/#map=19/11.083016/77.368679
dead end short of a road,13.0169607,80.1215969,4.76,Chennai,994839187,residential,837814526,residential,https://www.openstreetmap.org/#map=19/13.016961/80.121597
dead end short of a road,13.0470525,80.1399745,2.31,Chennai,994839209,residential,1434364469,residential,https://www.openstreetmap.org/#map=19/13.047052/80.139974
dead end short of a road,9.4673439,77.7798933,4.38,,996325772,residential,880889555,residential,https://www.openstreetmap.org/#map=19/9.467344/77.779893
dead end short of a road,9.4537655,77.7665949,2.73,,996339787,residential,658664532,residential,https://www.openstreetmap.org/#map=19/9.453765/77.766595
dead end short of a road,10.0771943,78.7685998,4.52,,999465010,residential,1049223622,residential,https://www.openstreetmap.org/#map=19/10.077194/78.768600
dead end short of a road,10.588715,77.2629443,3.85,,1000513307,residential,1346588658,residential,https://www.openstreetmap.org/#map=19/10.588715/77.262944
dead end short of a road,10.7360962,77.2038244,4.04,,1001637710,residential,929102638,unclassified,https://www.openstreetmap.org/#map=19/10.736096/77.203824
dead end short of a road,10.9678188,77.0989072,4.67,Coimbatore,1001667968,unclassified,1001667966,unclassified,https://www.openstreetmap.org/#map=19/10.967819/77.098907
dead end short of a road,10.7901408,77.2448999,4.51,,1001701655,unclassified,1001703696,unclassified,https://www.openstreetmap.org/#map=19/10.790141/77.244900
dead end short of a road,10.7901776,77.2449267,4.51,,1001703696,unclassified,1001701655,unclassified,https://www.openstreetmap.org/#map=19/10.790178/77.244927
dead end short of a road,10.8663423,76.9701129,4.4,,1002939118,unclassified,1052690158,residential,https://www.openstreetmap.org/#map=19/10.866342/76.970113
dead end short of a road,11.1349634,77.3018968,3.13,,1003843646,unclassified,1047844427,unclassified,https://www.openstreetmap.org/#map=19/11.134963/77.301897
dead end short of a road,11.146548,77.3546559,2.4,,1003881727,unclassified,1073880673,residential,https://www.openstreetmap.org/#map=19/11.146548/77.354656
dead end short of a road,11.1264523,77.3746276,3.86,,1005130666,unclassified,1073885286,residential,https://www.openstreetmap.org/#map=19/11.126452/77.374628
dead end short of a road,11.09308,77.4027328,4.91,,1005153675,unclassified,1058897227,residential,https://www.openstreetmap.org/#map=19/11.093080/77.402733
dead end short of a road,8.7104247,77.7846162,3.98,,1005573095,living_street,620618166,unclassified,https://www.openstreetmap.org/#map=19/8.710425/77.784616
dead end short of a road,8.7103861,77.7853455,3.9,,1005573096,living_street,620618166,unclassified,https://www.openstreetmap.org/#map=19/8.710386/77.785346
dead end short of a road,9.1613473,77.8710938,4.87,,1005783594,residential,1005783589,residential,https://www.openstreetmap.org/#map=19/9.161347/77.871094
dead end short of a road,9.8763538,78.0266436,3.68,,1036279188,residential,486305273,residential,https://www.openstreetmap.org/#map=19/9.876354/78.026644
dead end short of a road,12.9050602,79.1026619,4.1,,1043448547,residential,1043448545,residential,https://www.openstreetmap.org/#map=19/12.905060/79.102662
dead end short of a road,10.9658083,79.3907745,3.49,,1044631447,residential,821820029,residential,https://www.openstreetmap.org/#map=19/10.965808/79.390775
dead end short of a road,10.9798743,79.3930269,3.1,,1044631453,service,826071428,residential,https://www.openstreetmap.org/#map=19/10.979874/79.393027
dead end short of a road,10.9791527,79.3905975,2.32,,1044631454,residential,651627261,residential,https://www.openstreetmap.org/#map=19/10.979153/79.390597
dead end short of a road,10.9698734,79.4073989,3.12,,1044631460,residential,650795259,residential,https://www.openstreetmap.org/#map=19/10.969873/79.407399
dead end short of a road,12.8847789,80.1384126,4.42,Chennai,1044725423,residential,836388074,residential,https://www.openstreetmap.org/#map=19/12.884779/80.138413
dead end short of a road,11.4082112,76.6941273,4.8,,1046055174,residential,25996863,residential,https://www.openstreetmap.org/#map=19/11.408211/76.694127
dead end short of a road,12.8054715,80.0252399,2.66,,1046062584,residential,835798086,residential,https://www.openstreetmap.org/#map=19/12.805471/80.025240
dead end short of a road,11.7996356,79.7778063,3.3,,1047774204,residential,818437815,service,https://www.openstreetmap.org/#map=19/11.799636/79.777806
dead end short of a road,11.7961489,79.782157,4.98,,1047774210,residential,164697222,tertiary,https://www.openstreetmap.org/#map=19/11.796149/79.782157
dead end short of a road,11.782323,79.7736436,3.77,,1047774215,residential,819039821,residential,https://www.openstreetmap.org/#map=19/11.782323/79.773644
dead end short of a road,11.1231119,77.3059362,4.11,,1047844423,residential,955573645,unclassified,https://www.openstreetmap.org/#map=19/11.123112/77.305936
dead end short of a road,10.0772318,78.7685931,4.52,,1049223622,residential,999465010,residential,https://www.openstreetmap.org/#map=19/10.077232/78.768593
dead end short of a road,12.7350321,80.193409,1.82,,1049544390,residential,485821034,residential,https://www.openstreetmap.org/#map=19/12.735032/80.193409
dead end short of a road,9.6196054,77.9681067,4.28,,1049942212,residential,462459008,tertiary,https://www.openstreetmap.org/#map=19/9.619605/77.968107
dead end short of a road,11.1784382,77.3373668,4.16,,1051797574,residential,1051797578,residential,https://www.openstreetmap.org/#map=19/11.178438/77.337367
dead end short of a road,11.1784019,77.3373663,4.16,,1051797578,residential,1051797574,residential,https://www.openstreetmap.org/#map=19/11.178402/77.337366
dead end short of a road,11.1783966,77.3061884,3.58,,1051839846,residential,1051830754,residential,https://www.openstreetmap.org/#map=19/11.178397/77.306188
dead end short of a road,10.8662706,76.9705367,3.95,,1052690658,residential,1002939120,unclassified,https://www.openstreetmap.org/#map=19/10.866271/76.970537
dead end short of a road,13.1460654,80.1846707,3.47,Chennai,1052890737,residential,838060189,residential,https://www.openstreetmap.org/#map=19/13.146065/80.184671
dead end short of a road,13.165216,80.1939837,2.74,Chennai,1052893236,residential,385250116,residential,https://www.openstreetmap.org/#map=19/13.165216/80.193984
dead end short of a road,13.1397962,80.1916227,3.3,Chennai,1052893242,residential,838070444,residential,https://www.openstreetmap.org/#map=19/13.139796/80.191623
dead end short of a road,12.7319915,80.2352087,3.71,,1053310959,residential,830723292,residential,https://www.openstreetmap.org/#map=19/12.731991/80.235209
dead end short of a road,12.2148452,79.0492275,3.0,,1053573776,residential,829237330,residential,https://www.openstreetmap.org/#map=19/12.214845/79.049228
dead end short of a road,12.2051982,79.0508154,3.19,,1053573780,residential,829237314,residential,https://www.openstreetmap.org/#map=19/12.205198/79.050815
dead end short of a road,9.4733912,77.804473,2.67,,1054621834,residential,1102885179,residential,https://www.openstreetmap.org/#map=19/9.473391/77.804473
dead end short of a road,9.4796296,77.8036255,2.29,,1054623273,residential,1054623276,residential,https://www.openstreetmap.org/#map=19/9.479630/77.803625
dead end short of a road,9.4478134,77.7918384,3.31,,1054631570,residential,1054631571,residential,https://www.openstreetmap.org/#map=19/9.447813/77.791838
dead end short of a road,10.8854938,78.7151259,2.31,Tiruchirappalli,1057803268,unclassified,972260418,unclassified,https://www.openstreetmap.org/#map=19/10.885494/78.715126
dead end short of a road,13.1394433,79.8936383,2.54,,1058741750,service,1062071487,residential,https://www.openstreetmap.org/#map=19/13.139443/79.893638
dead end short of a road,11.3606111,77.7210029,2.99,,1059830896,residential,824523542,residential,https://www.openstreetmap.org/#map=19/11.360611/77.721003
dead end short of a road,13.1153621,80.1702517,4.69,Chennai,1059859112,residential,837872665,residential,https://www.openstreetmap.org/#map=19/13.115362/80.170252
dead end short of a road,10.3514234,77.9809039,4.44,,1060543908,residential,802428771,residential,https://www.openstreetmap.org/#map=19/10.351423/77.980904
dead end short of a road,10.3464108,78.0028451,4.46,,1060548094,residential,798289491,residential,https://www.openstreetmap.org/#map=19/10.346411/78.002845
dead end short of a road,8.7220324,77.7312595,3.28,,1061036082,residential,1061036081,residential,https://www.openstreetmap.org/#map=19/8.722032/77.731259
dead end short of a road,10.9618798,78.0908359,3.99,,1063172459,residential,1063172460,residential,https://www.openstreetmap.org/#map=19/10.961880/78.090836
dead end short of a road,12.9801838,79.9816487,3.78,,1063494592,unclassified,384956607,unclassified,https://www.openstreetmap.org/#map=19/12.980184/79.981649
dead end short of a road,8.7962824,78.1124437,1.13,,1063993778,residential,1308455625,residential,https://www.openstreetmap.org/#map=19/8.796282/78.112444
dead end short of a road,10.6579244,77.0403437,4.88,,1064299817,residential,206799016,residential,https://www.openstreetmap.org/#map=19/10.657924/77.040344
dead end short of a road,11.9778873,79.8461182,3.38,,1064668766,residential,1064668765,residential,https://www.openstreetmap.org/#map=19/11.977887/79.846118
dead end short of a road,11.9963384,78.4413635,4.22,,1065035866,residential,1065035868,residential,https://www.openstreetmap.org/#map=19/11.996338/78.441363
dead end short of a road,11.9963641,78.4413425,4.22,,1065035868,residential,1065035866,residential,https://www.openstreetmap.org/#map=19/11.996364/78.441343
dead end short of a road,11.3459156,76.7951647,3.26,,1066013206,residential,249901988,secondary,https://www.openstreetmap.org/#map=19/11.345916/76.795165
dead end short of a road,10.9156459,76.9881266,2.8,Coimbatore,1066108634,residential,924161151,unclassified,https://www.openstreetmap.org/#map=19/10.915646/76.988127
dead end short of a road,10.7995949,78.7372384,3.27,Tiruchirappalli,1066148681,residential,207561189,residential,https://www.openstreetmap.org/#map=19/10.799595/78.737238
dead end short of a road,11.1897894,77.276906,4.85,,1066374144,residential,1116487653,residential,https://www.openstreetmap.org/#map=19/11.189789/77.276906
dead end short of a road,11.0490452,77.3289923,4.88,,1069155730,residential,1069155733,residential,https://www.openstreetmap.org/#map=19/11.049045/77.328992
dead end short of a road,11.0490066,77.3290032,4.88,,1069155733,residential,1069155730,residential,https://www.openstreetmap.org/#map=19/11.049007/77.329003
dead end short of a road,11.0429307,77.3401558,3.06,,1069158242,residential,990852375,unclassified,https://www.openstreetmap.org/#map=19/11.042931/77.340156
dead end short of a road,11.061437,77.3815102,2.64,,1069604077,residential,206196257,tertiary,https://www.openstreetmap.org/#map=19/11.061437/77.381510
dead end short of a road,11.0490436,77.369864,3.32,,1069604760,residential,1069609940,residential,https://www.openstreetmap.org/#map=19/11.049044/77.369864
dead end short of a road,11.0490173,77.3698428,3.32,,1069609940,residential,1069604760,residential,https://www.openstreetmap.org/#map=19/11.049017/77.369843
dead end short of a road,11.382873,77.6667527,3.74,,1071840575,residential,1369879217,unclassified,https://www.openstreetmap.org/#map=19/11.382873/77.666753
dead end short of a road,11.3597694,77.6760971,2.93,,1071849016,residential,1071849017,residential,https://www.openstreetmap.org/#map=19/11.359769/77.676097
dead end short of a road,12.5316274,78.2009894,2.07,,1072550343,residential,846106559,residential,https://www.openstreetmap.org/#map=19/12.531627/78.200989
dead end short of a road,12.5274851,78.1948042,2.52,,1072554195,residential,846106587,residential,https://www.openstreetmap.org/#map=19/12.527485/78.194804
dead end short of a road,12.5270558,78.1975293,2.83,,1072554207,residential,846106586,residential,https://www.openstreetmap.org/#map=19/12.527056/78.197529
dead end short of a road,12.5302134,78.1986076,3.1,,1072554221,residential,1469140429,residential,https://www.openstreetmap.org/#map=19/12.530213/78.198608
dead end short of a road,11.1465289,77.354661,2.4,,1073880673,residential,1003881727,unclassified,https://www.openstreetmap.org/#map=19/11.146529/77.354661
dead end short of a road,11.1264126,77.3746276,4.57,,1073885286,residential,1005130666,unclassified,https://www.openstreetmap.org/#map=19/11.126413/77.374628
dead end short of a road,8.6991602,77.7346508,4.79,,1076327982,residential,1204801234,tertiary,https://www.openstreetmap.org/#map=19/8.699160/77.734651
dead end short of a road,12.9097866,80.1064773,4.1,Chennai,1076362998,residential,23648650,service,https://www.openstreetmap.org/#map=19/12.909787/80.106477
dead end short of a road,12.517499,78.2161599,1.98,,1076809437,residential,846106611,residential,https://www.openstreetmap.org/#map=19/12.517499/78.216160
dead end short of a road,12.8469723,77.7761719,4.24,,1077021204,service,1231319318,unclassified,https://www.openstreetmap.org/#map=19/12.846972/77.776172
dead end short of a road,12.9195574,80.1030096,4.73,Chennai,1081154062,residential,1275521950,residential,https://www.openstreetmap.org/#map=19/12.919557/80.103010
dead end short of a road,12.9928351,80.1933115,4.47,Chennai,752085630,service,103716675,primary,https://www.openstreetmap.org/#map=19/12.992835/80.193311
dead end short of a road,12.9924746,80.1933298,4.89,Chennai,1130644634,service,84100986,primary,https://www.openstreetmap.org/#map=19/12.992475/80.193330
dead end short of a road,9.867414,78.0205031,3.39,,1082385244,unclassified,56859803,unclassified,https://www.openstreetmap.org/#map=19/9.867414/78.020503
dead end short of a road,9.8678249,78.0205789,3.72,,1082385245,unclassified,56859817,unclassified,https://www.openstreetmap.org/#map=19/9.867825/78.020579
dead end short of a road,12.839167,80.2332294,2.73,,1092882357,residential,835708388,service,https://www.openstreetmap.org/#map=19/12.839167/80.233229
dead end short of a road,11.0604074,77.3439251,2.54,,1105790043,residential,207470977,residential,https://www.openstreetmap.org/#map=19/11.060407/77.343925
dead end short of a road,11.6739572,78.2043045,2.87,Salem,1109029115,residential,1222500908,residential,https://www.openstreetmap.org/#map=19/11.673957/78.204305
dead end short of a road,12.9651457,80.1508085,4.39,Chennai,1080342522,residential,1221496673,tertiary,https://www.openstreetmap.org/#map=19/12.965146/80.150808
dead end short of a road,10.1246049,77.5765656,4.86,,1117736099,residential,940987613,service,https://www.openstreetmap.org/#map=19/10.124605/77.576566
dead end short of a road,11.2094812,77.3963639,2.66,,1118055157,unclassified,1191574161,unclassified,https://www.openstreetmap.org/#map=19/11.209481/77.396364
dead end short of a road,11.2119652,77.3953971,2.32,,1118055158,unclassified,1191574159,unclassified,https://www.openstreetmap.org/#map=19/11.211965/77.395397
dead end short of a road,13.1454834,79.9821717,4.82,,1119334700,residential,1119334717,residential,https://www.openstreetmap.org/#map=19/13.145483/79.982172
dead end short of a road,13.1454776,79.9822138,4.82,,1119334717,residential,1119334700,residential,https://www.openstreetmap.org/#map=19/13.145478/79.982214
dead end short of a road,8.7195821,77.7484799,4.12,,1120277347,residential,1110200995,residential,https://www.openstreetmap.org/#map=19/8.719582/77.748480
dead end short of a road,12.5203634,78.199074,2.86,,1120310117,residential,845767467,residential,https://www.openstreetmap.org/#map=19/12.520363/78.199074
dead end short of a road,8.7263935,77.7454289,4.69,,1123855716,residential,1093046568,residential,https://www.openstreetmap.org/#map=19/8.726394/77.745429
dead end short of a road,12.965326,80.1503473,3.65,Chennai,1116172216,residential,102032958,tertiary,https://www.openstreetmap.org/#map=19/12.965326/80.150347
dead end short of a road,12.9652206,80.1503782,4.59,Chennai,1147382118,residential,102032958,tertiary,https://www.openstreetmap.org/#map=19/12.965221/80.150378
dead end short of a road,13.0809364,79.8550344,3.76,,1150668394,residential,1150668392,residential,https://www.openstreetmap.org/#map=19/13.080936/79.855034
dead end short of a road,13.0808287,79.8553608,4.19,,1150668395,residential,1150668392,residential,https://www.openstreetmap.org/#map=19/13.080829/79.855361
dead end short of a road,12.9701337,79.4587898,4.76,,1163003994,residential,1163003991,unclassified,https://www.openstreetmap.org/#map=19/12.970134/79.458790
dead end short of a road,12.9710707,79.4559431,4.7,,1163003995,residential,564885916,tertiary,https://www.openstreetmap.org/#map=19/12.971071/79.455943
dead end short of a road,12.9710892,79.4569046,4.69,,1163003996,residential,564885916,tertiary,https://www.openstreetmap.org/#map=19/12.971089/79.456905
dead end short of a road,10.0786926,78.1738414,4.1,,789742705,residential,1299503909,trunk,https://www.openstreetmap.org/#map=19/10.078693/78.173841
dead end short of a road,13.1006738,80.214804,4.71,Chennai,48741358,residential,1078702793,primary,https://www.openstreetmap.org/#map=19/13.100674/80.214804
dead end short of a road,10.8717971,79.3998833,3.41,,1185709903,residential,649268103,residential,https://www.openstreetmap.org/#map=19/10.871797/79.399883
dead end short of a road,11.0605519,76.9404664,3.97,Coimbatore,1190142288,residential,1239975500,residential,https://www.openstreetmap.org/#map=19/11.060552/76.940466
dead end short of a road,11.1080125,76.9624794,2.43,,1190163137,residential,1245889944,residential,https://www.openstreetmap.org/#map=19/11.108012/76.962479
dead end short of a road,13.169055,80.24819,3.05,Chennai,1190955089,residential,835725697,residential,https://www.openstreetmap.org/#map=19/13.169055/80.248190
dead end short of a road,11.5992079,78.6372007,4.04,,1193930347,residential,1193930348,residential,https://www.openstreetmap.org/#map=19/11.599208/78.637201
dead end short of a road,11.5940729,78.5774425,3.99,,1194189154,residential,1194189155,residential,https://www.openstreetmap.org/#map=19/11.594073/78.577443
dead end short of a road,11.529789,78.0606141,3.86,,1194194464,residential,1215032031,residential,https://www.openstreetmap.org/#map=19/11.529789/78.060614
dead end short of a road,11.4486531,76.4724345,3.95,,1198294038,residential,1351514351,unclassified,https://www.openstreetmap.org/#map=19/11.448653/76.472435
dead end short of a road,11.1549788,77.2109929,4.18,,1203870651,residential,1203870644,residential,https://www.openstreetmap.org/#map=19/11.154979/77.210993
dead end short of a road,11.1546051,77.2109089,3.37,,1203870652,residential,1203870644,residential,https://www.openstreetmap.org/#map=19/11.154605/77.210909
dead end short of a road,13.1326802,80.205518,4.8,Chennai,1205498373,residential,836703952,residential,https://www.openstreetmap.org/#map=19/13.132680/80.205518
dead end short of a road,13.1326825,80.2054746,4.8,Chennai,836703952,residential,1205498373,residential,https://www.openstreetmap.org/#map=19/13.132682/80.205475
dead end short of a road,12.9816259,80.197355,3.62,Chennai,121014135,residential,1021079966,primary,https://www.openstreetmap.org/#map=19/12.981626/80.197355
dead end short of a road,12.3290708,78.4048711,4.19,,1207456055,residential,1207458248,residential,https://www.openstreetmap.org/#map=19/12.329071/78.404871
dead end short of a road,12.3290752,78.4049106,4.19,,1207458248,residential,1207456055,residential,https://www.openstreetmap.org/#map=19/12.329075/78.404911
dead end short of a road,13.0477189,80.2548426,3.57,Chennai,1209679866,service,1443909641,residential,https://www.openstreetmap.org/#map=19/13.047719/80.254843
dead end short of a road,12.9440085,80.2329362,4.27,Chennai,384524269,residential,384524237,residential,https://www.openstreetmap.org/#map=19/12.944009/80.232936
dead end short of a road,11.4565184,77.5059596,3.59,,1213496888,residential,1213496889,residential,https://www.openstreetmap.org/#map=19/11.456518/77.505960
dead end short of a road,10.9820868,76.8480811,4.52,,1213507158,residential,143822450,secondary,https://www.openstreetmap.org/#map=19/10.982087/76.848081
dead end short of a road,8.1859297,77.3527354,4.94,,1213520411,residential,1041842485,residential,https://www.openstreetmap.org/#map=19/8.185930/77.352735
dead end short of a road,12.0823058,78.3174884,2.92,,1214476565,residential,1214476568,residential,https://www.openstreetmap.org/#map=19/12.082306/78.317488
dead end short of a road,12.0822806,78.3174884,2.92,,1214476568,residential,1214476565,residential,https://www.openstreetmap.org/#map=19/12.082281/78.317488
dead end short of a road,12.6929484,79.2764747,3.04,,1214706214,residential,1214706211,residential,https://www.openstreetmap.org/#map=19/12.692948/79.276475
dead end short of a road,12.9273708,79.130037,3.02,,1214954626,residential,132937957,primary,https://www.openstreetmap.org/#map=19/12.927371/79.130037
dead end short of a road,11.3106056,76.9459395,4.78,,1215924312,residential,1215924313,residential,https://www.openstreetmap.org/#map=19/11.310606/76.945939
dead end short of a road,12.79232,78.7046921,4.69,,1215959253,residential,1215959252,residential,https://www.openstreetmap.org/#map=19/12.792320/78.704692
dead end short of a road,11.1634132,76.9382019,3.33,,1216224103,residential,1336760712,residential,https://www.openstreetmap.org/#map=19/11.163413/76.938202
dead end short of a road,11.5873849,78.0180198,3.9,,1216691668,residential,1216691666,residential,https://www.openstreetmap.org/#map=19/11.587385/78.018020
dead end short of a road,12.9688241,79.1424927,2.74,,1218237680,residential,1121113478,primary,https://www.openstreetmap.org/#map=19/12.968824/79.142493
dead end short of a road,12.9180075,79.0744722,2.85,,1218503824,residential,1218503823,residential,https://www.openstreetmap.org/#map=19/12.918007/79.074472
dead end short of a road,11.7360939,78.9050532,2.14,,1219438863,residential,1219438865,residential,https://www.openstreetmap.org/#map=19/11.736094/78.905053
dead end short of a road,8.2838399,77.1546275,3.24,,1219467220,residential,857876582,unclassified,https://www.openstreetmap.org/#map=19/8.283840/77.154628
dead end short of a road,11.4969565,76.2812144,2.32,,1220218607,unclassified,932006149,unclassified,https://www.openstreetmap.org/#map=19/11.496956/76.281214
dead end short of a road,12.0973803,78.3514061,4.56,,1220230375,residential,1220230376,residential,https://www.openstreetmap.org/#map=19/12.097380/78.351406
dead end short of a road,11.2973915,76.9518149,2.69,,1221672139,residential,1221672144,residential,https://www.openstreetmap.org/#map=19/11.297391/76.951815
dead end short of a road,11.1910633,77.3651701,3.72,,1221745690,residential,1221745682,residential,https://www.openstreetmap.org/#map=19/11.191063/77.365170
dead end short of a road,11.191094,77.3651648,3.19,,1221745682,residential,1221745690,residential,https://www.openstreetmap.org/#map=19/11.191094/77.365165
dead end short of a road,11.1846428,77.3721762,4.6,,1221904426,residential,1349163898,residential,https://www.openstreetmap.org/#map=19/11.184643/77.372176
dead end short of a road,11.7889097,79.039032,3.66,,1221946316,residential,1221946317,residential,https://www.openstreetmap.org/#map=19/11.788910/79.039032
dead end short of a road,11.7354029,79.0799493,2.65,,1222193629,residential,1222193628,residential,https://www.openstreetmap.org/#map=19/11.735403/79.079949
dead end short of a road,11.7108784,79.1482111,3.07,,1222227888,residential,1222227884,residential,https://www.openstreetmap.org/#map=19/11.710878/79.148211
dead end short of a road,8.7813633,78.0910402,4.04,,1224445936,residential,1050310618,residential,https://www.openstreetmap.org/#map=19/8.781363/78.091040
dead end short of a road,12.1349138,78.3544868,2.99,,1224729000,residential,1224729003,residential,https://www.openstreetmap.org/#map=19/12.134914/78.354487
dead end short of a road,12.1349295,78.3545137,2.99,,1224729003,residential,1224729000,residential,https://www.openstreetmap.org/#map=19/12.134930/78.354514
dead end short of a road,13.3140782,79.4743788,3.05,,1225358882,residential,1274708214,secondary,https://www.openstreetmap.org/#map=19/13.314078/79.474379
dead end short of a road,13.0641811,80.159421,3.71,Chennai,1225366313,residential,1118503452,residential,https://www.openstreetmap.org/#map=19/13.064181/80.159421
dead end short of a road,13.0930442,80.2588435,3.49,Chennai,240869127,service,30977343,residential,https://www.openstreetmap.org/#map=19/13.093044/80.258843
dead end short of a road,11.6649735,78.2935405,3.47,,583643871,tertiary,294854480,trunk,https://www.openstreetmap.org/#map=19/11.664974/78.293541
dead end short of a road,9.9391723,77.6509391,4.95,,1230391819,unclassified,1230391818,unclassified,https://www.openstreetmap.org/#map=19/9.939172/77.650939
dead end short of a road,12.8181133,77.789021,4.76,,1231031190,residential,794270142,residential,https://www.openstreetmap.org/#map=19/12.818113/77.789021
dead end short of a road,12.8180051,77.7893062,4.98,,1231031191,residential,794270143,residential,https://www.openstreetmap.org/#map=19/12.818005/77.789306
dead end short of a road,10.936387,76.9539528,3.67,Coimbatore,1231282280,residential,1145038760,residential,https://www.openstreetmap.org/#map=19/10.936387/76.953953
dead end short of a road,13.1119223,80.0861105,4.02,Chennai,1232424611,residential,836979872,residential,https://www.openstreetmap.org/#map=19/13.111922/80.086111
dead end short of a road,11.0008289,77.0071559,4.52,Coimbatore,1234584107,residential,1337864821,residential,https://www.openstreetmap.org/#map=19/11.000829/77.007156
dead end short of a road,11.8120934,77.8365155,4.81,,1234817552,residential,1234817391,residential,https://www.openstreetmap.org/#map=19/11.812093/77.836516
dead end short of a road,13.0664883,80.1036334,3.76,Chennai,1236014634,residential,1236014674,residential,https://www.openstreetmap.org/#map=19/13.066488/80.103633
dead end short of a road,13.0678853,80.1015347,4.06,Chennai,1236014642,residential,1236014659,residential,https://www.openstreetmap.org/#map=19/13.067885/80.101535
dead end short of a road,13.067917,80.1012928,3.15,Chennai,1236014643,residential,1236014658,residential,https://www.openstreetmap.org/#map=19/13.067917/80.101293
dead end short of a road,13.0679452,80.101299,3.15,Chennai,1236014658,residential,1236014643,residential,https://www.openstreetmap.org/#map=19/13.067945/80.101299
dead end short of a road,13.0679214,80.101541,4.06,Chennai,1236014659,residential,1236014642,residential,https://www.openstreetmap.org/#map=19/13.067921/80.101541
dead end short of a road,12.8946825,80.2420045,4.36,Chennai,1237215488,residential,1237149560,residential,https://www.openstreetmap.org/#map=19/12.894683/80.242004
dead end short of a road,12.8947195,80.2420032,4.36,Chennai,1237149560,residential,1237215488,residential,https://www.openstreetmap.org/#map=19/12.894720/80.242003
dead end short of a road,12.8836504,80.2408199,4.72,Chennai,1237215520,residential,390881241,residential,https://www.openstreetmap.org/#map=19/12.883650/80.240820
dead end short of a road,12.809479,79.3882745,3.59,,1237369218,residential,1156714090,tertiary,https://www.openstreetmap.org/#map=19/12.809479/79.388274
dead end short of a road,8.6344956,78.0761755,3.88,,1241269714,residential,1241269728,residential,https://www.openstreetmap.org/#map=19/8.634496/78.076176
dead end short of a road,8.6345167,78.0762079,3.88,,1241269728,residential,1241269714,residential,https://www.openstreetmap.org/#map=19/8.634517/78.076208
dead end short of a road,12.9475567,80.1334103,3.25,Chennai,1247142225,living_street,46821260,residential,https://www.openstreetmap.org/#map=19/12.947557/80.133410
dead end short of a road,13.0586469,80.1562582,4.69,Chennai,1247586706,residential,1271424642,living_street,https://www.openstreetmap.org/#map=19/13.058647/80.156258
dead end short of a road,13.0995222,80.1573827,3.69,Chennai,1482437512,residential,1250228189,residential,https://www.openstreetmap.org/#map=19/13.099522/80.157383
dead end short of a road,13.0994905,80.1573825,3.69,Chennai,1250228189,residential,1482437512,residential,https://www.openstreetmap.org/#map=19/13.099490/80.157382
dead end short of a road,11.0078299,77.0272406,4.34,Coimbatore,465238412,residential,1082959858,residential,https://www.openstreetmap.org/#map=19/11.007830/77.027241
dead end short of a road,12.8538389,80.2446022,3.72,Chennai,32912106,residential,32912100,residential,https://www.openstreetmap.org/#map=19/12.853839/80.244602
dead end short of a road,12.9514069,79.8634334,4.83,,1254811680,residential,1254801294,residential,https://www.openstreetmap.org/#map=19/12.951407/79.863433
dead end short of a road,12.8742883,80.0641976,4.28,Chennai,384286501,residential,836965430,residential,https://www.openstreetmap.org/#map=19/12.874288/80.064198
dead end short of a road,12.7946923,80.2027085,4.29,,1255192415,residential,832437568,residential,https://www.openstreetmap.org/#map=19/12.794692/80.202708
dead end short of a road,12.7943312,80.2026842,4.26,,1255192416,residential,832437568,residential,https://www.openstreetmap.org/#map=19/12.794331/80.202684
dead end short of a road,8.9223437,78.1811799,2.97,,1255443279,residential,1255443283,unclassified,https://www.openstreetmap.org/#map=19/8.922344/78.181180
dead end short of a road,13.0771666,80.2519966,4.17,Chennai,1255590997,residential,566573623,secondary,https://www.openstreetmap.org/#map=19/13.077167/80.251997
dead end short of a road,13.5530531,80.063993,2.31,,1262422779,residential,1262422776,residential,https://www.openstreetmap.org/#map=19/13.553053/80.063993
dead end short of a road,13.0616674,80.2381861,3.92,Chennai,24375444,residential,995146894,residential,https://www.openstreetmap.org/#map=19/13.061667/80.238186
dead end short of a road,13.0980793,79.660272,4.89,,1264005124,residential,1367305718,unclassified,https://www.openstreetmap.org/#map=19/13.098079/79.660272
dead end short of a road,11.3114423,77.7062184,4.9,,1265078802,residential,1265078188,residential,https://www.openstreetmap.org/#map=19/11.311442/77.706218
dead end short of a road,10.0532008,78.771677,4.84,,1265774679,unclassified,1409429284,residential,https://www.openstreetmap.org/#map=19/10.053201/78.771677
dead end short of a road,12.8994347,80.2009117,4.8,Chennai,834644953,residential,1268106576,residential,https://www.openstreetmap.org/#map=19/12.899435/80.200912
dead end short of a road,13.0577081,80.223914,4.56,Chennai,1269290407,residential,1269286660,residential,https://www.openstreetmap.org/#map=19/13.057708/80.223914
dead end short of a road,12.9673487,80.2558847,4.4,Chennai,1270300521,residential,132063271,residential,https://www.openstreetmap.org/#map=19/12.967349/80.255885
dead end short of a road,12.8992956,80.0600276,3.99,Chennai,833725401,residential,833475458,residential,https://www.openstreetmap.org/#map=19/12.899296/80.060028
dead end short of a road,12.8990351,80.0599489,3.79,Chennai,833725400,residential,833475458,residential,https://www.openstreetmap.org/#map=19/12.899035/80.059949
dead end short of a road,11.9577499,79.620173,2.32,,1271092668,residential,557970251,tertiary,https://www.openstreetmap.org/#map=19/11.957750/79.620173
dead end short of a road,10.780054,79.6061129,1.93,,1271878936,service,1271672035,unclassified,https://www.openstreetmap.org/#map=19/10.780054/79.606113
dead end short of a road,12.9586263,80.1437474,3.34,Chennai,1274453411,service,1557259423,service,https://www.openstreetmap.org/#map=19/12.958626/80.143747
dead end short of a road,13.1111171,80.0613476,4.72,Chennai,1274768275,living_street,1274768274,living_street,https://www.openstreetmap.org/#map=19/13.111117/80.061348
dead end short of a road,13.04421,80.2382781,3.05,Chennai,1274773937,service,27172991,residential,https://www.openstreetmap.org/#map=19/13.044210/80.238278
dead end short of a road,12.7472032,77.8749854,4.96,,1274828441,residential,216478616,residential,https://www.openstreetmap.org/#map=19/12.747203/77.874985
dead end short of a road,10.9156743,78.3061301,3.97,,1275358480,residential,334604732,tertiary,https://www.openstreetmap.org/#map=19/10.915674/78.306130
dead end short of a road,12.8033524,77.7832153,3.08,,1228772106,service,1282388257,primary,https://www.openstreetmap.org/#map=19/12.803352/77.783215
dead end short of a road,12.8039843,77.7833009,4.29,,793719459,residential,1282388257,primary,https://www.openstreetmap.org/#map=19/12.803984/77.783301
dead end short of a road,12.8376232,77.7850451,1.72,,794254930,residential,1278963328,primary,https://www.openstreetmap.org/#map=19/12.837623/77.785045
dead end short of a road,13.0505966,80.2566287,3.96,Chennai,993793529,residential,1334961421,residential,https://www.openstreetmap.org/#map=19/13.050597/80.256629
dead end short of a road,13.2852506,80.0478683,3.89,,1322778494,residential,1284590446,residential,https://www.openstreetmap.org/#map=19/13.285251/80.047868
dead end short of a road,13.2186794,80.2489883,2.77,Chennai,1287782399,residential,34648789,tertiary,https://www.openstreetmap.org/#map=19/13.218679/80.248988
dead end short of a road,13.2767018,80.2492546,2.96,,1287946076,residential,1287945509,residential,https://www.openstreetmap.org/#map=19/13.276702/80.249255
dead end short of a road,13.2259246,80.2237639,4.7,Chennai,1288121873,residential,1288121874,residential,https://www.openstreetmap.org/#map=19/13.225925/80.223764
dead end short of a road,13.2259237,80.2237203,4.7,Chennai,1288121874,residential,1288121873,residential,https://www.openstreetmap.org/#map=19/13.225924/80.223720
dead end short of a road,10.8860823,78.5448119,4.8,,813768991,residential,202775404,secondary,https://www.openstreetmap.org/#map=19/10.886082/78.544812
dead end short of a road,10.8398085,79.539067,2.88,,1290838597,unclassified,1290838594,unclassified,https://www.openstreetmap.org/#map=19/10.839809/79.539067
dead end short of a road,8.1314096,77.5056664,2.31,,1295966909,unclassified,1295963352,unclassified,https://www.openstreetmap.org/#map=19/8.131410/77.505666
dead end short of a road,13.0586781,80.1562974,4.69,Chennai,1271424642,living_street,1247586706,residential,https://www.openstreetmap.org/#map=19/13.058678/80.156297
dead end short of a road,11.6426,79.2025959,4.64,,1300208508,residential,1119090153,unclassified,https://www.openstreetmap.org/#map=19/11.642600/79.202596
dead end short of a road,12.9905472,80.1094688,4.41,Chennai,1301745747,residential,384986820,residential,https://www.openstreetmap.org/#map=19/12.990547/80.109469
dead end short of a road,12.8850006,80.0114345,4.75,,1303003551,residential,385003779,residential,https://www.openstreetmap.org/#map=19/12.885001/80.011434
dead end short of a road,12.2851076,78.8845933,2.75,,1305050759,residential,921455815,secondary,https://www.openstreetmap.org/#map=19/12.285108/78.884593
dead end short of a road,8.377748,77.1521748,3.86,,1308304288,unclassified,548355257,residential,https://www.openstreetmap.org/#map=19/8.377748/77.152175
dead end short of a road,12.9228197,79.3311929,4.98,,1065433653,residential,249199760,primary,https://www.openstreetmap.org/#map=19/12.922820/79.331193
dead end short of a road,12.940298,79.1728177,3.56,,1308554224,residential,92000085,secondary,https://www.openstreetmap.org/#map=19/12.940298/79.172818
dead end short of a road,13.3591503,79.9946738,4.47,,1313135985,service,1313135987,service,https://www.openstreetmap.org/#map=19/13.359150/79.994674
dead end short of a road,8.247915,77.3013574,2.57,,1319775508,living_street,1319775509,residential,https://www.openstreetmap.org/#map=19/8.247915/77.301357
dead end short of a road,11.1025413,77.3918943,3.41,,574263712,residential,1321764907,residential,https://www.openstreetmap.org/#map=19/11.102541/77.391894
dead end short of a road,8.3466798,77.1794814,3.35,,1323803592,unclassified,1323803591,unclassified,https://www.openstreetmap.org/#map=19/8.346680/77.179481
dead end short of a road,11.2014386,79.7700604,4.97,,1324052816,unclassified,372449213,unclassified,https://www.openstreetmap.org/#map=19/11.201439/79.770060
dead end short of a road,13.1120271,80.2058173,4.16,Chennai,1285217991,residential,207144879,residential,https://www.openstreetmap.org/#map=19/13.112027/80.205817
dead end short of a road,10.8828757,76.9902746,3.66,,1329803804,residential,1052691828,residential,https://www.openstreetmap.org/#map=19/10.882876/76.990275
dead end short of a road,11.3065255,76.9913373,3.35,,1330809107,residential,1330809110,residential,https://www.openstreetmap.org/#map=19/11.306525/76.991337
dead end short of a road,11.2674368,77.0049627,2.12,,1333368690,residential,1333368685,unclassified,https://www.openstreetmap.org/#map=19/11.267437/77.004963
dead end short of a road,11.2947248,76.986561,3.02,,1333385059,residential,1333385057,residential,https://www.openstreetmap.org/#map=19/11.294725/76.986561
dead end short of a road,11.4356813,78.2415553,4.22,,1333434456,unclassified,1333434453,unclassified,https://www.openstreetmap.org/#map=19/11.435681/78.241555
dead end short of a road,11.18948,77.1202908,4.14,,1334174616,residential,1334174618,residential,https://www.openstreetmap.org/#map=19/11.189480/77.120291
dead end short of a road,11.9934102,79.0136665,2.87,,1334489638,unclassified,1334489645,unclassified,https://www.openstreetmap.org/#map=19/11.993410/79.013666
dead end short of a road,11.9934312,79.013688,2.87,,1334489645,unclassified,1334489638,unclassified,https://www.openstreetmap.org/#map=19/11.993431/79.013688
dead end short of a road,13.0504873,80.2571852,3.59,Chennai,1230787496,residential,993793529,residential,https://www.openstreetmap.org/#map=19/13.050487/80.257185
dead end short of a road,11.0994376,77.0260597,4.8,Coimbatore,1336410806,residential,1246138821,service,https://www.openstreetmap.org/#map=19/11.099438/77.026060
dead end short of a road,11.102881,77.0213728,4.52,,1336410817,residential,1336410814,residential,https://www.openstreetmap.org/#map=19/11.102881/77.021373
dead end short of a road,11.1724958,76.968241,3.76,,1336693853,residential,1216237836,residential,https://www.openstreetmap.org/#map=19/11.172496/76.968241
dead end short of a road,11.039823,76.9583103,3.99,Coimbatore,1337850027,residential,1190180160,residential,https://www.openstreetmap.org/#map=19/11.039823/76.958310
dead end short of a road,11.0070535,76.9897915,2.91,Coimbatore,993566132,residential,1337864868,residential,https://www.openstreetmap.org/#map=19/11.007053/76.989791
dead end short of a road,11.0140274,76.8989151,3.78,Coimbatore,1338154170,unclassified,1338154171,unclassified,https://www.openstreetmap.org/#map=19/11.014027/76.898915
dead end short of a road,11.2931479,78.202421,3.27,,1338505180,unclassified,1338505179,unclassified,https://www.openstreetmap.org/#map=19/11.293148/78.202421
dead end short of a road,11.0337995,76.9070086,3.43,Coimbatore,1338563853,residential,498801729,residential,https://www.openstreetmap.org/#map=19/11.033800/76.907009
dead end short of a road,10.9482199,76.8808392,2.06,Coimbatore,1338813279,unclassified,1334915457,primary,https://www.openstreetmap.org/#map=19/10.948220/76.880839
dead end short of a road,10.9734455,77.0490342,3.3,Coimbatore,1339740072,residential,994486422,unclassified,https://www.openstreetmap.org/#map=19/10.973446/77.049034
dead end short of a road,10.9012321,77.1824621,2.18,,1339967326,residential,1339967306,unclassified,https://www.openstreetmap.org/#map=19/10.901232/77.182462
dead end short of a road,10.9833145,77.1086269,4.73,,1339993264,residential,1339993250,residential,https://www.openstreetmap.org/#map=19/10.983315/77.108627
dead end short of a road,11.1364759,77.1372563,4.88,,1340198150,unclassified,1001020220,secondary,https://www.openstreetmap.org/#map=19/11.136476/77.137256
dead end short of a road,11.1330161,77.1364975,1.97,,1340204464,residential,1340204461,residential,https://www.openstreetmap.org/#map=19/11.133016/77.136498
dead end short of a road,11.2096883,77.8549719,4.23,,1340221576,unclassified,509378224,unclassified,https://www.openstreetmap.org/#map=19/11.209688/77.854972
dead end short of a road,10.9752007,76.7695739,4.46,,1341041323,unclassified,1293801016,tertiary,https://www.openstreetmap.org/#map=19/10.975201/76.769574
dead end short of a road,10.9596095,76.7956652,2.61,,1341050894,residential,573826017,residential,https://www.openstreetmap.org/#map=19/10.959609/76.795665
dead end short of a road,11.291577,77.1993539,2.91,,1341441454,residential,1341441453,residential,https://www.openstreetmap.org/#map=19/11.291577/77.199354
dead end short of a road,11.131457,77.2157443,2.18,,1341480659,unclassified,1341480660,unclassified,https://www.openstreetmap.org/#map=19/11.131457/77.215744
dead end short of a road,11.2186647,77.2295979,4.76,,1341497734,unclassified,1341497735,unclassified,https://www.openstreetmap.org/#map=19/11.218665/77.229598
dead end short of a road,11.2512849,77.6836668,4.19,,1342487080,residential,1341437258,unclassified,https://www.openstreetmap.org/#map=19/11.251285/77.683667
dead end short of a road,11.5016582,77.2390347,3.9,,1343268232,unclassified,1343268231,unclassified,https://www.openstreetmap.org/#map=19/11.501658/77.239035
dead end short of a road,10.7834759,79.1390743,4.36,,52870956,tertiary,1345408556,primary,https://www.openstreetmap.org/#map=19/10.783476/79.139074
dead end short of a road,11.1031869,77.2744211,3.08,,1347527725,unclassified,1347527723,unclassified,https://www.openstreetmap.org/#map=19/11.103187/77.274421
dead end short of a road,12.3362349,78.4981349,2.91,,1348150025,unclassified,1348150026,unclassified,https://www.openstreetmap.org/#map=19/12.336235/78.498135
dead end short of a road,12.3362416,78.4981627,2.91,,1348150026,unclassified,1348150025,unclassified,https://www.openstreetmap.org/#map=19/12.336242/78.498163
dead end short of a road,12.2607843,78.5949694,2.54,,1348178597,unclassified,1348178598,unclassified,https://www.openstreetmap.org/#map=19/12.260784/78.594969
dead end short of a road,12.4526279,78.3692477,4.2,,1349131411,unclassified,1349131410,unclassified,https://www.openstreetmap.org/#map=19/12.452628/78.369248
dead end short of a road,11.1846347,77.3721328,4.6,,1349163898,residential,1221904426,residential,https://www.openstreetmap.org/#map=19/11.184635/77.372133
dead end short of a road,11.0394931,77.4992798,2.4,,1349507168,unclassified,130430717,secondary,https://www.openstreetmap.org/#map=19/11.039493/77.499280
dead end short of a road,11.0157842,77.423343,3.6,,1349727620,residential,1349727619,residential,https://www.openstreetmap.org/#map=19/11.015784/77.423343
dead end short of a road,12.393475,78.3141396,3.26,,1349903253,unclassified,1349903252,unclassified,https://www.openstreetmap.org/#map=19/12.393475/78.314140
dead end short of a road,12.5481458,78.1129857,2.73,,1351701172,unclassified,1351701171,unclassified,https://www.openstreetmap.org/#map=19/12.548146/78.112986
dead end short of a road,11.070906,78.018161,3.83,,1353904710,residential,1424204175,residential,https://www.openstreetmap.org/#map=19/11.070906/78.018161
dead end short of a road,10.6633172,78.1781935,3.28,,1357143128,unclassified,1357143125,unclassified,https://www.openstreetmap.org/#map=19/10.663317/78.178194
dead end short of a road,10.6765379,78.2447976,4.65,,1357706991,unclassified,908875539,secondary,https://www.openstreetmap.org/#map=19/10.676538/78.244798
dead end short of a road,10.9705718,78.346384,3.96,,1359747071,unclassified,1359747061,unclassified,https://www.openstreetmap.org/#map=19/10.970572/78.346384
dead end short of a road,10.9661235,78.5480364,3.22,,1360576696,residential,202457103,secondary,https://www.openstreetmap.org/#map=19/10.966124/78.548036
dead end short of a road,10.6655927,79.4364374,4.56,,1363536316,residential,151245779,residential,https://www.openstreetmap.org/#map=19/10.665593/79.436437
dead end short of a road,10.5771078,79.4917793,2.89,,1364445327,unclassified,1421992788,residential,https://www.openstreetmap.org/#map=19/10.577108/79.491779
dead end short of a road,12.9008511,79.3303719,4.93,,1364905759,residential,1364905756,residential,https://www.openstreetmap.org/#map=19/12.900851/79.330372
dead end short of a road,12.0326,79.3005879,4.13,,1365057378,residential,1390596381,unclassified,https://www.openstreetmap.org/#map=19/12.032600/79.300588
dead end short of a road,10.1086247,78.2829631,2.34,,1365490203,unclassified,973198761,tertiary,https://www.openstreetmap.org/#map=19/10.108625/78.282963
dead end short of a road,13.0129476,79.475083,4.48,,1365859122,unclassified,1365859116,unclassified,https://www.openstreetmap.org/#map=19/13.012948/79.475083
dead end short of a road,13.1016072,79.669458,3.65,,1367305740,residential,1367305739,residential,https://www.openstreetmap.org/#map=19/13.101607/79.669458
dead end short of a road,11.4500257,77.4839323,4.94,,1368700803,residential,1368700802,residential,https://www.openstreetmap.org/#map=19/11.450026/77.483932
dead end short of a road,12.3952523,78.8823981,1.85,,1369587063,unclassified,1369586938,unclassified,https://www.openstreetmap.org/#map=19/12.395252/78.882398
dead end short of a road,11.617432,78.806574,4.46,,1373319544,unclassified,96195242,tertiary,https://www.openstreetmap.org/#map=19/11.617432/78.806574
dead end short of a road,11.6516447,78.9588682,4.97,,1373931385,unclassified,92708950,secondary,https://www.openstreetmap.org/#map=19/11.651645/78.958868
dead end short of a road,11.8950942,77.9698126,4.89,,1376675980,unclassified,1376675977,unclassified,https://www.openstreetmap.org/#map=19/11.895094/77.969813
dead end short of a road,11.5815646,77.9526408,4.23,,1379230731,unclassified,239097069,tertiary,https://www.openstreetmap.org/#map=19/11.581565/77.952641
dead end short of a road,11.31565,77.6483399,4.95,,1386053807,residential,1340496183,residential,https://www.openstreetmap.org/#map=19/11.315650/77.648340
dead end short of a road,12.8433479,80.005497,3.52,,1388420123,residential,1388420119,residential,https://www.openstreetmap.org/#map=19/12.843348/80.005497
dead end short of a road,9.1647625,77.5338296,4.51,,1388920995,residential,207692639,residential,https://www.openstreetmap.org/#map=19/9.164763/77.533830
dead end short of a road,11.4469231,77.4223223,4.96,,1389845408,residential,1385786736,residential,https://www.openstreetmap.org/#map=19/11.446923/77.422322
dead end short of a road,12.8819427,79.943719,3.2,,1389960052,service,829579325,service,https://www.openstreetmap.org/#map=19/12.881943/79.943719
dead end short of a road,12.9558822,79.8544449,4.75,,1391063969,residential,1270620084,primary,https://www.openstreetmap.org/#map=19/12.955882/79.854445
dead end short of a road,11.3085948,77.6592505,2.32,,1391105937,residential,1340484184,residential,https://www.openstreetmap.org/#map=19/11.308595/77.659250
dead end short of a road,12.4116229,79.2481889,4.94,,1391783808,unclassified,370821023,tertiary,https://www.openstreetmap.org/#map=19/12.411623/79.248189
dead end short of a road,12.2106027,78.0525845,4.79,,1393437766,unclassified,1393426991,residential,https://www.openstreetmap.org/#map=19/12.210603/78.052584
dead end short of a road,10.954598,76.9721336,3.41,Coimbatore,1393836291,living_street,497323832,residential,https://www.openstreetmap.org/#map=19/10.954598/76.972134
dead end short of a road,12.0568175,78.6785916,4.93,,1395642984,unclassified,1395642982,unclassified,https://www.openstreetmap.org/#map=19/12.056817/78.678592
dead end short of a road,11.9776782,78.3643656,3.17,,1395671503,unclassified,1395671502,unclassified,https://www.openstreetmap.org/#map=19/11.977678/78.364366
dead end short of a road,9.0846126,78.1877399,3.65,,1395915514,unclassified,1392688898,unclassified,https://www.openstreetmap.org/#map=19/9.084613/78.187740
dead end short of a road,13.109964,79.8566684,1.78,,1396854254,unclassified,1396854253,unclassified,https://www.openstreetmap.org/#map=19/13.109964/79.856668
dead end short of a road,8.7024077,77.4431205,4.63,,1408717337,residential,1408717336,residential,https://www.openstreetmap.org/#map=19/8.702408/77.443121
dead end short of a road,9.8097528,78.3615826,3.34,,1408951787,unclassified,323371362,secondary,https://www.openstreetmap.org/#map=19/9.809753/78.361583
dead end short of a road,10.1888439,78.6568971,4.4,,1409136889,unclassified,749274595,unclassified,https://www.openstreetmap.org/#map=19/10.188844/78.656897
dead end short of a road,9.8501383,78.5050853,3.26,,1409641988,unclassified,1409641987,unclassified,https://www.openstreetmap.org/#map=19/9.850138/78.505085
dead end short of a road,8.9662345,77.7259435,2.7,,1410021366,residential,232727957,tertiary,https://www.openstreetmap.org/#map=19/8.966235/77.725943
dead end short of a road,8.2135806,77.2865819,2.24,,1410021558,unclassified,255993329,primary,https://www.openstreetmap.org/#map=19/8.213581/77.286582
dead end short of a road,8.2256353,77.2755603,2.87,,1322053536,unclassified,1410025552,unclassified,https://www.openstreetmap.org/#map=19/8.225635/77.275560
dead end short of a road,8.3036008,77.3135428,4.16,,1410025568,unclassified,188614646,secondary,https://www.openstreetmap.org/#map=19/8.303601/77.313543
dead end short of a road,8.3505725,77.2709392,2.67,,1410025570,unclassified,625519383,unclassified,https://www.openstreetmap.org/#map=19/8.350573/77.270939
dead end short of a road,9.1544802,77.7022024,2.85,,1410820610,residential,1410820611,residential,https://www.openstreetmap.org/#map=19/9.154480/77.702202
dead end short of a road,9.822273,78.8347624,4.96,,1410842321,unclassified,1410842320,unclassified,https://www.openstreetmap.org/#map=19/9.822273/78.834762
dead end short of a road,9.309486,78.367868,3.25,,1411066174,residential,192601451,tertiary,https://www.openstreetmap.org/#map=19/9.309486/78.367868
dead end short of a road,12.9595788,79.0190158,3.95,,1387123831,residential,1411937226,unclassified,https://www.openstreetmap.org/#map=19/12.959579/79.019016
dead end short of a road,9.5554899,78.5330487,3.9,,1412956317,residential,1417462448,unclassified,https://www.openstreetmap.org/#map=19/9.555490/78.533049
dead end short of a road,8.2546913,77.4316406,4.19,,1413095472,residential,1413095476,residential,https://www.openstreetmap.org/#map=19/8.254691/77.431641
dead end short of a road,8.2546954,77.4316037,4.19,,1413095476,residential,1413095472,residential,https://www.openstreetmap.org/#map=19/8.254695/77.431604
dead end short of a road,11.9000176,77.9267176,3.67,,1413182840,residential,1376675903,unclassified,https://www.openstreetmap.org/#map=19/11.900018/77.926718
dead end short of a road,11.4058212,79.6761075,4.22,,1414278997,residential,1332757615,residential,https://www.openstreetmap.org/#map=19/11.405821/79.676108
dead end short of a road,9.5554964,78.5330144,3.83,,1417462448,unclassified,1412956317,residential,https://www.openstreetmap.org/#map=19/9.555496/78.533014
dead end short of a road,12.2583411,79.2270164,4.42,,830728299,residential,1417688067,primary,https://www.openstreetmap.org/#map=19/12.258341/79.227016
dead end short of a road,10.9099621,78.3785566,4.87,,1417712467,residential,1273088597,residential,https://www.openstreetmap.org/#map=19/10.909962/78.378557
dead end short of a road,11.1975825,78.0232829,4.4,,1418590426,residential,1335904471,residential,https://www.openstreetmap.org/#map=19/11.197582/78.023283
dead end short of a road,10.5557378,79.3860108,4.97,,1419095292,residential,1363276709,residential,https://www.openstreetmap.org/#map=19/10.555738/79.386011
dead end short of a road,12.8163919,80.1955409,2.21,,1419949683,residential,827600926,residential,https://www.openstreetmap.org/#map=19/12.816392/80.195541
dead end short of a road,12.8151187,80.1955272,4.17,,1419949695,residential,827600926,residential,https://www.openstreetmap.org/#map=19/12.815119/80.195527
dead end short of a road,12.8157925,80.1955464,3.53,,1419949699,residential,827600926,residential,https://www.openstreetmap.org/#map=19/12.815793/80.195546
dead end short of a road,12.8144018,80.19578,3.83,,1419949701,residential,827600926,residential,https://www.openstreetmap.org/#map=19/12.814402/80.195780
dead end short of a road,10.3077178,77.6480365,2.78,,1421456619,unclassified,52245635,secondary,https://www.openstreetmap.org/#map=19/10.307718/77.648037
dead end short of a road,8.3483165,77.8266817,2.18,,1422609472,unclassified,1329578700,unclassified,https://www.openstreetmap.org/#map=19/8.348316/77.826682
dead end short of a road,10.587357,79.249342,4.89,,1424528700,residential,652913608,unclassified,https://www.openstreetmap.org/#map=19/10.587357/79.249342
dead end short of a road,11.3546149,78.9187643,4.97,,1424648264,residential,1330558755,unclassified,https://www.openstreetmap.org/#map=19/11.354615/78.918764
dead end short of a road,8.6679545,77.7214801,2.97,,1426769401,residential,1192789941,residential,https://www.openstreetmap.org/#map=19/8.667955/77.721480
dead end short of a road,13.152381,80.2316822,4.05,Chennai,838177862,residential,838177859,residential,https://www.openstreetmap.org/#map=19/13.152381/80.231682
dead end short of a road,11.1840588,77.7741266,2.44,,1428923832,residential,1340223628,unclassified,https://www.openstreetmap.org/#map=19/11.184059/77.774127
dead end short of a road,12.9830779,80.2661009,4.92,Chennai,1429999668,residential,30342327,residential,https://www.openstreetmap.org/#map=19/12.983078/80.266101
dead end short of a road,12.770413,79.9856651,4.88,,1430806142,residential,1430806143,living_street,https://www.openstreetmap.org/#map=19/12.770413/79.985665
dead end short of a road,12.7704026,79.9857054,4.56,,1430806143,living_street,1430806142,residential,https://www.openstreetmap.org/#map=19/12.770403/79.985705
dead end short of a road,11.8573394,78.6518902,2.43,,1435238333,unclassified,193834742,tertiary,https://www.openstreetmap.org/#map=19/11.857339/78.651890
dead end short of a road,11.0079741,77.0161139,4.85,Coimbatore,1441617647,residential,593412867,residential,https://www.openstreetmap.org/#map=19/11.007974/77.016114
dead end short of a road,9.9203208,78.0916925,4.61,Madurai,1445778338,residential,207333916,residential,https://www.openstreetmap.org/#map=19/9.920321/78.091692
dead end short of a road,10.9975924,78.107771,4.19,,1447120279,residential,1063134732,unclassified,https://www.openstreetmap.org/#map=19/10.997592/78.107771
dead end short of a road,12.5318276,78.1963995,3.91,,1469140432,residential,1072555942,residential,https://www.openstreetmap.org/#map=19/12.531828/78.196399
dead end short of a road,8.0834914,77.5512304,4.84,,205231180,service,205231147,unclassified,https://www.openstreetmap.org/#map=19/8.083491/77.551230
dead end short of a road,8.0863769,77.5539437,4.77,,1472245648,service,1472245647,residential,https://www.openstreetmap.org/#map=19/8.086377/77.553944
dead end short of a road,8.0895765,77.5538125,4.84,,1472693459,residential,104708245,unclassified,https://www.openstreetmap.org/#map=19/8.089576/77.553813
dead end short of a road,11.3664433,77.7702868,4.5,,822459708,residential,1479944593,primary_link,https://www.openstreetmap.org/#map=19/11.366443/77.770287
dead end short of a road,13.073408,80.1953709,3.64,Chennai,1484043942,service,1484043943,service,https://www.openstreetmap.org/#map=19/13.073408/80.195371
dead end short of a road,13.0734209,80.1953443,2.84,Chennai,1484043943,service,1484043942,service,https://www.openstreetmap.org/#map=19/13.073421/80.195344
dead end short of a road,13.0734417,80.1953134,3.32,Chennai,1484043944,service,1484043943,service,https://www.openstreetmap.org/#map=19/13.073442/80.195313
dead end short of a road,13.0734529,80.19527,4.59,Chennai,1484043945,service,1484043944,service,https://www.openstreetmap.org/#map=19/13.073453/80.195270
dead end short of a road,13.0061769,80.2480371,3.33,Chennai,1363535455,service,1124139287,service,https://www.openstreetmap.org/#map=19/13.006177/80.248037
dead end short of a road,13.0052989,80.2480253,2.13,Chennai,1363535456,service,1124139287,service,https://www.openstreetmap.org/#map=19/13.005299/80.248025
dead end short of a road,12.8608334,77.7829304,4.11,,1515072374,residential,1515072373,residential,https://www.openstreetmap.org/#map=19/12.860833/77.782930
dead end short of a road,12.860708,77.7807264,2.28,,692111909,residential,1517271827,primary,https://www.openstreetmap.org/#map=19/12.860708/77.780726
dead end short of a road,13.1523625,80.0797873,1.75,Chennai,1524191612,service,385273422,residential,https://www.openstreetmap.org/#map=19/13.152363/80.079787
dead end short of a road,11.7761871,78.2231184,4.69,,1536186147,service,1454368533,primary,https://www.openstreetmap.org/#map=19/11.776187/78.223118
dead end short of a road,12.837857,78.8753436,2.73,,1539950575,living_street,534087915,secondary,https://www.openstreetmap.org/#map=19/12.837857/78.875344
dead end short of a road,11.931061,79.7742273,4.53,,358357691,residential,1540991173,tertiary,https://www.openstreetmap.org/#map=19/11.931061/79.774227
dead end short of a road,13.0043924,80.1039754,2.87,Chennai,1543348561,service,1543348562,service,https://www.openstreetmap.org/#map=19/13.004392/80.103975
dead end short of a road,13.004395,80.10395,2.71,Chennai,1543348562,service,1543348561,service,https://www.openstreetmap.org/#map=19/13.004395/80.103950
dead end short of a road,11.6673372,78.0762146,4.94,,1545130021,residential,232492920,residential,https://www.openstreetmap.org/#map=19/11.667337/78.076215
dead end short of a road,10.4820383,77.5233395,2.75,,1545605420,residential,1545605643,residential,https://www.openstreetmap.org/#map=19/10.482038/77.523340
dead end short of a road,13.0422996,80.2504433,3.59,Chennai,1552005152,living_street,1285518254,service,https://www.openstreetmap.org/#map=19/13.042300/80.250443
dead end short of a road,11.2062914,78.1632399,1.28,,1557665492,service,345492025,tertiary,https://www.openstreetmap.org/#map=19/11.206291/78.163240
dead end short of a road,8.0814388,77.5470628,4.61,,1558262995,service,104700781,service,https://www.openstreetmap.org/#map=19/8.081439/77.547063
one-way trap,11.9327148,79.8119605,,,823326020,secondary,-1,,https://www.openstreetmap.org/#map=19/11.932715/79.811960
one-way trap,13.5435581,80.0680075,,,842442880,trunk,-1,,https://www.openstreetmap.org/#map=19/13.543558/80.068007
one-way trap,12.8858391,77.8904697,,,777913452,residential,-1,,https://www.openstreetmap.org/#map=19/12.885839/77.890470
one-way trap,13.0465151,80.2663463,,Chennai,1361392985,secondary,-1,,https://www.openstreetmap.org/#map=19/13.046515/80.266346
one-way trap,12.7830459,77.7592745,,,215068968,trunk,-1,,https://www.openstreetmap.org/#map=19/12.783046/77.759275
one-way trap,13.0868002,80.1878136,,Chennai,31728195,residential,-1,,https://www.openstreetmap.org/#map=19/13.086800/80.187814
one-way trap,13.2932537,79.5823042,,,1540119497,motorway_link,-1,,https://www.openstreetmap.org/#map=19/13.293254/79.582304
one-way trap,11.2140795,76.9654748,,,1294652657,trunk,-1,,https://www.openstreetmap.org/#map=19/11.214080/76.965475
one-way trap,11.9153718,79.8114929,,,47087846,secondary,-1,,https://www.openstreetmap.org/#map=19/11.915372/79.811493
one-way trap,10.7942191,76.8236378,,,521449149,unclassified,-1,,https://www.openstreetmap.org/#map=19/10.794219/76.823638
one-way trap,13.5703375,80.0359114,,,625243627,tertiary,-1,,https://www.openstreetmap.org/#map=19/13.570338/80.035911
one-way trap,12.8725549,79.0884063,,,380917827,service,-1,,https://www.openstreetmap.org/#map=19/12.872555/79.088406
one-way trap,12.9919698,80.217364,,Chennai,764071826,service,-1,,https://www.openstreetmap.org/#map=19/12.991970/80.217364
one-way trap,11.9202728,79.8089745,,,35441832,trunk,-1,,https://www.openstreetmap.org/#map=19/11.920273/79.808975
one-way trap,11.9340781,79.8075168,,,592390994,trunk,-1,,https://www.openstreetmap.org/#map=19/11.934078/79.807517
one-way trap,11.2067081,79.5195811,,,646023304,residential,-1,,https://www.openstreetmap.org/#map=19/11.206708/79.519581
one-way trap,10.8708919,79.2249406,,,648031607,residential,-1,,https://www.openstreetmap.org/#map=19/10.870892/79.224941
one-way trap,10.6097385,78.5538297,,,655487912,service,-1,,https://www.openstreetmap.org/#map=19/10.609739/78.553830
one-way trap,12.780426,77.7649802,,,660093052,trunk_link,-1,,https://www.openstreetmap.org/#map=19/12.780426/77.764980
one-way trap,10.2142742,78.4836182,,,669002714,service,-1,,https://www.openstreetmap.org/#map=19/10.214274/78.483618
one-way trap,11.219239,76.9630989,,,700754536,trunk,-1,,https://www.openstreetmap.org/#map=19/11.219239/76.963099
one-way trap,11.3573145,77.9465738,,,732946296,service,-1,,https://www.openstreetmap.org/#map=19/11.357314/77.946574
one-way trap,12.0257388,78.9579825,,,767419570,living_street,-1,,https://www.openstreetmap.org/#map=19/12.025739/78.957982
one-way trap,12.7817008,77.7621666,,,779485287,residential,-1,,https://www.openstreetmap.org/#map=19/12.781701/77.762167
one-way trap,8.1344643,77.4952175,,,859853801,tertiary,-1,,https://www.openstreetmap.org/#map=19/8.134464/77.495217
one-way trap,8.1273696,77.5032663,,,859853804,trunk_link,-1,,https://www.openstreetmap.org/#map=19/8.127370/77.503266
one-way trap,8.3556518,77.0872312,,,860007249,trunk,-1,,https://www.openstreetmap.org/#map=19/8.355652/77.087231
one-way trap,11.5039272,78.2762555,,,928131680,living_street,-1,,https://www.openstreetmap.org/#map=19/11.503927/78.276256
one-way trap,11.9308449,79.7906315,,,239322757,trunk,-1,,https://www.openstreetmap.org/#map=19/11.930845/79.790632
one-way trap,9.8678416,78.0092142,,,1001053845,unclassified,-1,,https://www.openstreetmap.org/#map=19/9.867842/78.009214
one-way trap,9.8652216,78.0065879,,,1001053846,unclassified,-1,,https://www.openstreetmap.org/#map=19/9.865222/78.006588
one-way trap,9.8707033,78.01239,,,1001059607,unclassified,-1,,https://www.openstreetmap.org/#map=19/9.870703/78.012390
one-way trap,13.0659537,80.243561,,Chennai,1149851674,secondary,-1,,https://www.openstreetmap.org/#map=19/13.065954/80.243561
one-way trap,10.8241619,76.8151926,,,580688130,trunk,-1,,https://www.openstreetmap.org/#map=19/10.824162/76.815193
one-way trap,13.066472,79.1462712,,,1061765287,trunk,-1,,https://www.openstreetmap.org/#map=19/13.066472/79.146271
one-way trap,9.8626868,78.0127198,,,1082385281,unclassified,-1,,https://www.openstreetmap.org/#map=19/9.862687/78.012720
one-way trap,9.8636518,78.0135456,,,1082385283,unclassified,-1,,https://www.openstreetmap.org/#map=19/9.863652/78.013546
one-way trap,9.856964,78.0067459,,,1082385330,unclassified,-1,,https://www.openstreetmap.org/#map=19/9.856964/78.006746
one-way trap,9.85794,78.0077637,,,1082385332,unclassified,-1,,https://www.openstreetmap.org/#map=19/9.857940/78.007764
one-way trap,9.8615655,78.005629,,,1082385340,unclassified,-1,,https://www.openstreetmap.org/#map=19/9.861565/78.005629
one-way trap,9.8532471,77.9979158,,,1082385397,unclassified,-1,,https://www.openstreetmap.org/#map=19/9.853247/77.997916
one-way trap,9.8566481,78.0009857,,,1082385399,unclassified,-1,,https://www.openstreetmap.org/#map=19/9.856648/78.000986
one-way trap,12.232208,79.9858852,,,1130575434,residential,-1,,https://www.openstreetmap.org/#map=19/12.232208/79.985885
one-way trap,12.9005426,80.0933853,,Chennai,1098162804,service,-1,,https://www.openstreetmap.org/#map=19/12.900543/80.093385
one-way trap,13.0915027,80.2587474,,Chennai,1296623352,residential,-1,,https://www.openstreetmap.org/#map=19/13.091503/80.258747
one-way trap,13.0537234,79.2762557,,,1544678923,motorway,-1,,https://www.openstreetmap.org/#map=19/13.053723/79.276256
one-way trap,13.064692,79.2279998,,,1206355378,motorway,-1,,https://www.openstreetmap.org/#map=19/13.064692/79.228000
one-way trap,11.718313,78.0769025,,,1228565082,unclassified,-1,,https://www.openstreetmap.org/#map=19/11.718313/78.076903
one-way trap,9.9240896,78.1242439,,Madurai,1234531780,road,-1,,https://www.openstreetmap.org/#map=19/9.924090/78.124244
one-way trap,9.9263707,78.1458512,,Madurai,1234533147,primary,-1,,https://www.openstreetmap.org/#map=19/9.926371/78.145851
one-way trap,11.6605345,79.47372,,,1237242081,living_street,-1,,https://www.openstreetmap.org/#map=19/11.660535/79.473720
one-way trap,12.8900592,77.8831088,,,1410398464,trunk,-1,,https://www.openstreetmap.org/#map=19/12.890059/77.883109
one-way trap,12.8996446,80.0920677,,Chennai,1188607507,service,-1,,https://www.openstreetmap.org/#map=19/12.899645/80.092068
one-way trap,12.8761913,79.7693262,,,1232144868,trunk,-1,,https://www.openstreetmap.org/#map=19/12.876191/79.769326
one-way trap,10.8766763,78.7029001,,Tiruchirappalli,820916813,unclassified,-1,,https://www.openstreetmap.org/#map=19/10.876676/78.702900
one-way trap,9.9179583,78.121283,,Madurai,28669381,unclassified,-1,,https://www.openstreetmap.org/#map=19/9.917958/78.121283
one-way trap,13.0378119,80.2676899,,Chennai,1206788493,secondary,-1,,https://www.openstreetmap.org/#map=19/13.037812/80.267690
one-way trap,10.2493475,77.4797545,,,1371098268,unclassified,-1,,https://www.openstreetmap.org/#map=19/10.249348/77.479754
one-way trap,13.0287903,80.1369447,,Chennai,1383489934,residential,-1,,https://www.openstreetmap.org/#map=19/13.028790/80.136945
one-way trap,11.6416279,77.9516819,,,1390424526,primary,-1,,https://www.openstreetmap.org/#map=19/11.641628/77.951682
one-way trap,13.0367079,80.0453801,,,1394221168,tertiary,-1,,https://www.openstreetmap.org/#map=19/13.036708/80.045380
one-way trap,11.1548756,76.9443127,,,1395284065,tertiary,-1,,https://www.openstreetmap.org/#map=19/11.154876/76.944313
one-way trap,11.1494955,76.9441581,,,1395284061,trunk,-1,,https://www.openstreetmap.org/#map=19/11.149496/76.944158
one-way trap,11.2143021,76.9654948,,,1395284078,trunk,-1,,https://www.openstreetmap.org/#map=19/11.214302/76.965495
one-way trap,11.2193993,76.9630689,,,1395284088,trunk,-1,,https://www.openstreetmap.org/#map=19/11.219399/76.963069
one-way trap,12.6877386,79.2115471,,,1396482202,unclassified,-1,,https://www.openstreetmap.org/#map=19/12.687739/79.211547
one-way trap,11.1072416,79.1610151,,,1396629866,tertiary,-1,,https://www.openstreetmap.org/#map=19/11.107242/79.161015
one-way trap,11.9610354,78.4195397,,,1411065528,trunk,-1,,https://www.openstreetmap.org/#map=19/11.961035/78.419540
one-way trap,12.8180001,80.2016752,,,1419949726,tertiary,-1,,https://www.openstreetmap.org/#map=19/12.818000/80.201675
one-way trap,12.8614546,79.9231145,,,1427649880,service,-1,,https://www.openstreetmap.org/#map=19/12.861455/79.923114
one-way trap,8.836196,78.0670341,,,1431653717,unclassified,-1,,https://www.openstreetmap.org/#map=19/8.836196/78.067034
one-way trap,12.9225589,80.1979098,,Chennai,1444301175,service,-1,,https://www.openstreetmap.org/#map=19/12.922559/80.197910
one-way trap,13.0317366,79.8920017,,,1496518933,service,-1,,https://www.openstreetmap.org/#map=19/13.031737/79.892002
one-way trap,13.3005149,79.5881238,,,1509409939,motorway,-1,,https://www.openstreetmap.org/#map=19/13.300515/79.588124
one-way trap,13.3006273,79.5878932,,,1326516671,motorway_link,-1,,https://www.openstreetmap.org/#map=19/13.300627/79.587893
one-way trap,13.2988103,79.5916776,,,1509409944,motorway_link,-1,,https://www.openstreetmap.org/#map=19/13.298810/79.591678
one-way trap,13.3050213,79.5492639,,,1531157042,motorway,-1,,https://www.openstreetmap.org/#map=19/13.305021/79.549264
one-way trap,13.0598172,80.2471915,,Chennai,24375552,residential,-1,,https://www.openstreetmap.org/#map=19/13.059817/80.247191
one-way trap,12.8608012,77.7823516,,,1519290655,service,-1,,https://www.openstreetmap.org/#map=19/12.860801/77.782352
one-way trap,12.6687799,77.8685932,,,1351550070,trunk,-1,,https://www.openstreetmap.org/#map=19/12.668780/77.868593
one-way trap,13.2926552,79.3590253,,,1531055337,motorway,-1,,https://www.openstreetmap.org/#map=19/13.292655/79.359025
one-way trap,13.3316006,79.8301456,,,1531167530,motorway,-1,,https://www.openstreetmap.org/#map=19/13.331601/79.830146
one-way trap,13.2947793,79.5826086,,,1509409942,motorway_link,-1,,https://www.openstreetmap.org/#map=19/13.294779/79.582609
one-way trap,12.7396917,79.9888374,,,1540319322,service,-1,,https://www.openstreetmap.org/#map=19/12.739692/79.988837
one-way trap,13.0043924,80.1039754,,Chennai,1543348561,service,-1,,https://www.openstreetmap.org/#map=19/13.004392/80.103975
one-way trap,13.0539285,80.2278028,,Chennai,1550473025,primary,-1,,https://www.openstreetmap.org/#map=19/13.053928/80.227803
